Original name,Family,TPL1.1_CompleteName,ANP,ARP,ASS,BIH,CHH,GOA,GUJ,HAR,HIP,JAK,JHA,KAR,KER,MAP,MAH,MAN,MEG,MIZ,NAG,ODI,PUN,RAJ,SIK,TAN,TRI,UTP,UTH,WBE,AAN,CHA,LAK,DEL,PUD
Abutilon crispum (L.) Brizicky,Malvaceae,Herissantia crispa (L.) Brizicky,1,0,0,0,0,0,0,0,0,0,0,1,1,0,1,0,0,0,0,0,0,0,0,1,0,0,0,0,0,0,0,0,0
Acacia auriculiformis Benth.,Leguminosae,Acacia auriculiformis Benth.,1,0,1,1,0,0,0,1,0,0,0,1,1,1,1,0,0,0,0,1,0,0,0,1,1,1,0,1,0,0,0,0,0
Acacia dealbata Link,Leguminosae,Acacia dealbata Link,0,0,0,0,0,1,0,0,1,0,0,0,1,0,0,0,0,0,0,0,0,0,0,1,0,0,1,0,1,0,0,0,0
Acacia farnesiana (L.) Willd.,Leguminosae,Acacia farnesiana (L.) Willd.,1,1,1,1,1,1,1,1,1,1,1,1,1,1,1,1,1,1,1,1,1,1,1,1,1,1,1,1,0,1,0,1,1
Acacia mearnsii De Wild.,Leguminosae,Acacia mearnsii De Wild.,0,0,0,0,0,0,1,0,0,0,0,1,1,0,1,0,0,0,0,0,0,0,0,1,0,0,0,0,0,0,0,0,0
Acacia melanoxylon R. Br.,Leguminosae,Acacia melanoxylon R.Br.,1,0,0,0,0,0,0,0,0,0,0,0,1,0,1,0,0,0,0,0,0,0,0,1,0,0,0,0,0,0,0,0,0
Acacia retinodes Schltdl.,Leguminosae,Acacia retinodes Schltdl.,0,0,0,0,0,0,0,0,0,0,0,0,0,0,0,0,0,0,0,0,0,0,0,1,0,0,0,0,0,0,0,0,0
Acanthospermum hispidum DC.,Compositae,Acanthospermum hispidum DC.,1,1,1,1,1,1,1,1,1,1,1,1,1,1,1,1,1,1,1,1,1,1,1,1,1,1,1,1,0,1,0,1,1
Acmella ciliata (Kunth) Cass.,Compositae,Acmella ciliata (Kunth) Cass.,1,0,1,0,0,1,1,0,0,0,0,1,1,1,1,0,1,0,0,0,0,1,0,1,0,0,0,1,0,0,0,0,1
Acmella radicans  (Jacq.) R.K.Jansen,Compositae,Acmella radicans (Jacq.) R.K.Jansen,1,1,1,1,1,1,1,1,1,1,1,1,1,1,1,1,1,1,1,1,1,1,1,1,1,1,1,1,0,1,0,1,1
Acmella uliginosa (Sw.) Cass.,Compositae,Acmella uliginosa (Sw.) Cass.,0,0,0,0,0,0,0,0,0,0,0,0,0,0,1,0,0,0,0,0,0,0,0,0,0,0,0,0,0,0,0,0,0
Aeluropus lagopoides (L.) Thwaites,Poaceae,Aeluropus lagopoides (L.) Thwaites,1,0,0,0,0,0,0,0,0,0,0,1,1,0,1,1,1,1,0,1,0,0,0,1,0,0,0,0,0,0,0,0,0
Aeschynomene americana L.,Leguminosae,Aeschynomene americana L.,1,0,0,1,0,0,0,0,0,0,0,1,1,0,1,0,0,0,0,1,0,0,0,1,0,0,0,1,1,0,0,0,0
Agave americana L.,Asparagaceae,Agave americana L.,1,0,0,0,0,1,0,0,0,0,0,1,1,0,1,0,0,0,0,1,0,0,0,1,0,0,1,0,0,0,0,0,0
Agave vera-cruz Mill.,Asparagaceae,Agave vera-cruz Mill.,1,1,1,1,1,1,1,1,1,1,1,1,1,1,1,1,1,1,1,1,1,1,1,1,1,1,1,1,0,1,0,1,1
Agave vivipara L.,Asparagaceae,Agave vivipara L.,0,0,0,0,0,0,0,1,1,1,0,0,0,0,0,0,0,0,0,0,1,1,0,0,0,0,1,0,0,1,0,1,0
Ageratina adenophora (Sprengel) R. M. King and H. Robinson,Compositae,Ageratina adenophora (Spreng.) R.M.King & H.Rob.,1,0,0,0,0,0,0,0,1,0,0,1,1,0,1,0,1,0,1,0,0,0,1,1,1,0,1,1,0,0,0,0,0
Ageratina ligustrina  (DC.) R.M.King & H.Rob,Compositae,Ageratina ligustrina (DC.) R.M.King & H.Rob.,0,0,0,0,0,0,0,0,0,0,0,0,0,0,0,0,0,0,0,0,0,0,0,0,0,1,0,1,0,0,0,0,0
Ageratina riparia (Regel.) R. M. King & H. Robin,Compositae,Ageratina riparia (Regel) R.M.King & H.Rob.,0,0,0,0,0,0,0,0,0,0,0,0,0,0,0,0,1,0,0,0,0,0,0,0,0,0,1,0,0,0,0,0,0
Ageratum conyzoides (L.) L.,Compositae,Ageratum conyzoides (L.) L.,1,1,1,1,1,1,1,1,1,1,1,1,1,1,1,1,1,1,1,1,1,1,1,1,1,1,1,1,1,1,0,1,1
Ageratum houstonianum Mill.,Compositae,Ageratum houstonianum Mill.,1,1,1,1,1,1,1,1,1,1,1,1,1,1,1,1,1,1,1,1,1,1,1,1,1,1,1,1,0,1,0,1,1
Ailanthus altissima (Mill.) Swingle,Simaroubaceae,Ailanthus altissima (Mill.) Swingle,0,0,0,0,0,0,0,0,1,1,0,0,0,0,0,0,0,0,0,1,0,0,0,0,0,0,1,0,0,0,0,0,0
Alisma gramineum Lej. (aquatic),Alismataceae,Alisma gramineum Lej.,0,1,1,0,0,0,0,0,1,1,0,0,0,0,0,0,0,0,0,0,0,0,1,0,0,0,1,1,0,0,0,0,0
Alopecurus aequalis Sobol.,Poaceae,Alopecurus aequalis Sobol.,0,0,0,0,0,0,0,0,1,0,0,0,0,0,0,0,0,0,0,0,0,0,0,0,0,0,0,0,0,0,0,0,0
Alopecurus arundinaceus Poir.,Poaceae,Alopecurus arundinaceus Poir.,0,0,0,0,0,0,0,0,1,0,0,0,0,0,0,0,0,0,0,0,0,0,0,0,0,0,0,0,0,0,0,0,0
Alternanthera bettzickiana (Regel) G.Nicholson,Amaranthaceae,Alternanthera bettzickiana (Regel) G.Nicholson,1,1,1,0,0,0,1,0,1,1,0,1,1,1,1,1,1,1,1,1,0,0,1,1,1,0,1,1,0,0,0,0,1
Alternanthera ficoidea  (L.) Sm.,Amaranthaceae,Alternanthera ficoidea (L.) Sm.,0,0,0,0,0,0,1,0,0,0,0,1,1,0,1,0,0,0,0,1,0,0,0,1,0,0,0,0,0,0,0,0,0
Alternanthera paronychioides A.St. -Hil.,Amaranthaceae,Alternanthera paronychioides A.St.-Hil.,1,1,1,1,1,1,1,1,1,1,1,1,1,1,1,1,1,1,1,1,1,1,1,1,1,1,1,1,0,1,0,1,1
Alternanthera philoxeroides (Mart.) Griseb.,Amaranthaceae,Alternanthera philoxeroides (Mart.) Griseb.,1,1,1,1,1,1,1,1,1,1,1,1,1,1,1,1,1,1,1,1,1,1,1,1,1,1,1,1,0,1,0,1,1
Alternanthera pungens Kunth,Amaranthaceae,Alternanthera pungens Kunth,1,1,1,1,1,1,1,1,1,1,1,1,1,1,1,1,1,1,1,1,1,1,1,1,1,1,1,1,1,1,0,1,1
Althaea ludwigii L.,Malvaceae,Althaea ludwigii L.,0,0,0,0,0,0,0,0,0,0,0,0,0,0,1,0,0,0,0,0,1,1,0,0,0,0,0,0,0,0,0,0,0
Amaranthus caudatus L.,Amaranthaceae,Amaranthus caudatus L.,0,0,0,0,0,0,0,0,1,0,0,0,1,1,1,1,1,1,1,1,1,1,1,1,0,0,0,0,0,0,0,0,0
Amaranthus cruentus L.,Amaranthaceae,Amaranthus cruentus L.,0,0,0,0,0,0,1,0,0,1,0,0,1,0,1,0,0,0,0,0,0,0,0,0,0,0,0,0,0,0,0,0,0
Amaranthus hybridus L.,Amaranthaceae,Amaranthus hybridus L.,0,0,0,0,0,0,0,0,0,1,0,1,1,0,0,0,0,0,0,1,0,0,0,1,0,0,0,0,0,0,0,0,0
Amaranthus palmeri S.Watson,Amaranthaceae,Amaranthus palmeri S.Watson,0,1,1,0,0,0,0,1,1,1,0,0,0,0,1,1,1,1,1,0,1,1,1,0,1,0,1,0,0,1,0,1,0
Ambrosia artemisiifolia L.,Compositae,Ambrosia artemisiifolia L.,0,0,0,0,0,0,0,0,0,0,0,1,0,0,0,0,0,0,0,0,0,0,0,1,0,0,0,0,0,0,0,0,0
Anacardium occidentale L.,Anacardiaceae,Anacardium occidentale L.,1,0,0,0,0,1,1,0,0,0,0,1,1,0,1,0,0,0,0,1,0,0,0,1,0,0,0,1,1,0,0,0,1
Anthoxanthum odoratum L.,Poaceae,Anthoxanthum odoratum L.,0,0,1,0,0,0,0,0,1,0,0,0,0,0,0,0,0,0,0,0,0,0,0,0,0,1,0,0,0,0,0,0,0
Antigonon leptopus Hook. & Am.,Polygonaceae,Antigonon leptopus Hook. & Arn.,1,1,1,1,1,1,1,1,1,1,1,1,1,1,1,1,1,1,1,1,1,1,1,1,1,1,1,1,1,1,0,1,1
Arctium lappa L.,Compositae,Arctium lappa L.,0,0,0,0,0,0,0,0,1,0,0,0,0,0,0,0,0,0,0,0,0,0,0,0,0,0,0,0,0,0,0,0,0
Argemone mexicana L.,Papaveraceae,Argemone mexicana L.,1,1,1,1,1,1,1,1,1,1,1,1,1,1,1,1,1,1,1,1,1,1,1,1,1,1,1,1,1,1,0,1,1
Argemone ochroleuca Sweet,Papaveraceae,Argemone ochroleuca Sweet,1,1,1,1,1,1,1,1,1,1,1,1,1,1,1,1,1,1,1,1,1,1,1,1,1,1,1,1,0,1,0,1,1
Argemone subfusiformis Ownbey,Papaveraceae,Argemone subfusiformis Ownbey,0,0,0,0,0,0,0,0,0,0,0,0,0,0,0,0,0,0,0,0,0,1,0,0,0,0,0,0,0,0,0,0,0
Asclepias curassavica L.,Apocynaceae,Asclepias curassavica L.,1,1,1,1,1,1,1,1,1,1,1,1,1,1,1,1,1,1,1,1,1,1,1,1,1,1,1,1,1,1,0,1,1
Axonopus compressus (Sw.) P.Beauv.,Poaceae,Axonopus compressus (Sw.) P.Beauv.,1,1,1,1,1,1,1,1,1,1,1,1,1,1,1,1,1,1,1,1,1,1,1,1,1,1,1,1,1,1,0,1,1
Bellis perennis L.,Compositae,Bellis perennis L.,0,0,0,0,0,0,0,0,1,0,0,0,0,0,0,0,0,0,0,0,0,0,0,0,0,0,0,0,0,0,0,0,0
Bidens biternata  (Lour.) Merr. & Sherff,Compositae,Bidens biternata (Lour.) Merr. & Sherff,0,0,0,0,0,1,1,0,0,0,0,1,1,1,1,1,1,1,1,1,1,1,1,1,0,1,0,0,0,0,0,0,0
Bidens cernua L.,Compositae,Bidens cernua L.,0,0,0,0,0,0,0,0,1,0,0,0,0,0,0,0,0,0,0,0,0,0,0,0,0,0,0,0,0,0,0,0,0
Bidens pilosa L.,Compositae,Bidens pilosa L.,1,0,0,0,0,0,0,1,1,0,0,1,1,0,0,0,0,0,0,1,1,0,0,1,0,1,1,0,0,0,0,1,0
Boerhavia erecta L.,Nyctaginaceae,Boerhavia erecta L.,1,1,1,1,1,1,1,1,1,1,1,1,1,1,1,1,1,1,1,1,1,1,1,1,1,1,1,1,0,1,0,1,1
Brachiaria brizantha (A.Rich.) Stapf,Poaceae,Brachiaria brizantha (A.Rich.) Stapf,0,0,0,0,0,0,0,0,0,0,0,0,1,0,0,0,0,0,0,0,0,0,0,0,0,0,0,0,0,0,0,0,0
Brachiaria decumbens Stapf,Poaceae,Brachiaria decumbens Stapf,0,0,0,0,0,0,0,0,0,0,0,0,1,0,0,0,0,0,0,0,0,0,0,0,0,0,0,0,0,0,0,0,0
Brachiaria mutica  (Forssk.) Stapf,Poaceae,Brachiaria mutica (Forssk.) Stapf,1,0,0,0,0,0,1,0,0,0,0,0,1,0,1,0,0,0,0,1,0,0,0,1,0,0,0,1,1,0,0,0,0
Briza minor L.,Poaceae,Briza minor L.,0,0,0,0,0,0,0,0,1,1,0,0,0,0,0,0,0,0,0,0,0,0,0,1,0,0,1,0,0,0,0,0,0
Bromus catharticus Vahl,Poaceae,Bromus catharticus Vahl,0,0,0,0,0,0,0,0,0,0,0,0,0,0,0,0,0,0,0,0,0,0,0,1,0,0,0,0,0,0,0,0,0
Bromus inermis Leyss.,Poaceae,Bromus inermis Leyss.,0,0,0,0,0,0,0,0,1,0,0,0,0,0,0,0,0,0,0,0,0,0,0,0,0,0,0,0,0,0,0,0,0
Broussonetia papyrifera (L.) L’Hér. ex Vent.,Moraceae,Broussonetia papyrifera (L.) L'Hér. ex Vent,0,0,0,0,0,0,0,0,1,0,0,1,1,0,1,0,0,0,0,0,0,0,0,1,0,0,0,0,0,0,0,0,0
Brugmansia suaveolens (Humb. & Bonpl. ex Willd.),Solanaceae,Brugmansia suaveolens (Humb. & Bonpl. ex Willd.) Bercht. & J.Presl,0,0,0,0,0,0,0,0,1,0,0,1,1,1,1,0,0,0,0,1,0,0,0,1,0,0,0,0,0,0,0,0,0
Bryophyllum pinnatum  (Lam.) Oken,Crassulaceae,Bryophyllum pinnatum (Lam.) Oken,0,0,1,0,0,1,0,1,1,1,0,1,1,0,1,0,0,0,0,0,1,1,0,1,0,0,1,1,1,1,1,1,0
Butomus umbellatus L.,Butomaceae,Butomus umbellatus L.,0,0,0,0,0,0,0,0,0,1,0,0,0,0,0,0,0,0,0,0,0,0,0,0,0,0,0,0,0,0,0,0,0
Cabomba caroliniana A. Gray,Cabombaceae,Cabomba caroliniana A.Gray,0,0,0,0,0,1,0,0,0,0,0,1,1,0,1,0,0,0,0,0,0,0,0,1,0,0,0,0,0,0,0,0,0
Calceolaria mexicana Benth.,Calceolariaceae,Calceolaria mexicana Benth.,0,0,0,0,0,0,0,0,0,0,0,1,1,0,0,0,0,0,0,0,0,0,0,1,0,0,0,0,0,0,0,0,0
Calceolaria tripartita Ruiz & Pav.,Calceolariaceae,Calceolaria tripartita Ruiz & Pav.,0,0,0,0,0,1,0,0,0,0,0,1,1,0,1,0,0,0,0,0,0,0,0,1,0,0,0,0,0,0,0,0,0
Callitris rhomboidea,Cupressaceae,Callitris rhomboidea R. Br. ex Rich. & A. Rich.,0,0,0,0,0,0,0,0,0,0,0,0,0,0,0,0,0,0,0,0,0,0,0,1,0,0,0,0,0,0,0,0,0
Calluna vulgaris (L.) Hull,Ericaceae,Calluna vulgaris (L.) Hull,0,0,0,0,0,1,1,0,0,0,0,1,1,0,1,0,0,0,0,0,0,0,0,1,0,0,0,0,0,0,0,0,0
Calopogonium mucunoides Desv.,Leguminosae,Calopogonium mucunoides Desv.,0,0,0,0,0,0,0,0,0,0,0,1,1,0,0,0,0,0,0,0,0,0,0,1,0,0,0,0,1,0,0,0,0
Calyptocarpus vialis Less.,Compositae,Calyptocarpus vialis Less.,1,0,0,0,0,0,0,0,1,0,0,1,1,0,1,0,0,0,0,0,0,0,0,1,0,1,0,0,0,0,0,0,0
Cardamine trichocarpa Hochst. Ex A. Rich.,Brassicaceae,Cardamine trichocarpa Hochst. ex A.Rich.,1,0,0,0,0,0,0,0,0,0,0,1,1,0,1,0,0,0,0,0,0,0,0,1,0,0,0,0,0,0,0,0,0
Carduus edelbergii Rech. F.,Compositae,Carduus edelbergii Rech.f.,0,0,0,0,0,0,0,0,0,1,0,0,0,0,0,0,0,0,0,0,0,0,0,0,0,0,0,0,0,0,0,0,0
Carmona retusa Lam.,Boraginaceae,Ehretia microphylla Lam.,0,1,0,1,0,0,0,0,0,0,1,1,1,0,0,0,0,0,0,1,0,0,0,1,0,0,0,1,1,0,0,0,0
Carpesium abrotanoides L.,Compositae,Carpesium abrotanoides L.,0,0,0,0,0,0,0,0,1,1,0,0,0,0,0,0,0,0,0,0,0,0,1,0,0,1,0,0,0,0,0,0,0
Carthamus oxyacantha M.Bieb. ,Compositae,Carthamus oxyacantha M.Bieb.,0,0,0,0,0,0,0,1,0,0,0,0,0,1,0,0,0,0,0,0,1,1,0,0,0,1,1,0,0,0,0,0,0
Cassia tora (L.) Roxb.,Leguminosae,Senna tora (L.) Roxb.,1,1,1,1,1,1,1,1,1,1,1,1,1,1,1,1,1,1,1,1,1,1,1,1,1,1,1,1,0,1,0,1,1
Cassytha filiformis L.,Lauraceae,Cassytha filiformis L.,1,1,1,1,1,1,1,1,1,1,1,1,1,1,1,1,1,1,1,1,1,1,1,1,1,1,1,1,1,1,0,1,1
Catharanthus roseus (L.) G.Don,Apocynaceae,Catharanthus roseus (L.) G.Don,1,0,0,0,0,1,1,0,0,0,0,1,1,0,1,1,1,1,1,1,1,1,1,1,1,1,1,1,1,1,1,1,1
Celtis sinensis (L.) Sw.,Cannabaceae,Celtis sinensis Pers.,0,0,0,0,0,0,0,0,0,0,0,0,0,0,0,0,0,0,0,0,0,0,0,1,0,0,1,0,0,0,0,0,0
Centaurea iberica Trev. Ex Spreng.,Compositae,Centaurea iberica Trevir. ex Spreng.,0,0,0,0,0,0,0,0,0,1,0,0,0,0,0,0,0,0,0,0,0,0,0,0,0,0,0,0,0,0,0,0,0
Centrosema pubescens Benth.,Leguminosae,Centrosema pubescens Benth.,0,0,0,0,0,0,0,0,0,0,0,1,1,0,1,0,0,0,0,1,0,0,0,1,0,0,0,0,1,0,0,0,0
Centrosema virginianum (L.) Benth.,Leguminosae,Centrosema virginianum (L.) Benth.,0,0,0,0,0,0,0,0,0,0,0,1,1,0,1,0,0,0,0,0,0,0,0,0,0,0,0,1,0,0,0,0,0
Centrostachys aquatica (R.Br.) Moq.,Amaranthaceae,Centrostachys aquatica (R.Br.) Moq.,1,1,1,1,1,1,1,1,1,1,1,1,1,1,1,1,1,1,1,1,1,1,1,1,1,1,1,1,0,1,0,1,1
Cerastium glomeratum Thuill.,Caryophyllaceae,Cerastium glomeratum Thuill.,0,0,0,0,0,0,0,0,1,0,0,1,0,0,1,0,0,0,0,0,0,0,0,1,0,0,0,0,0,0,0,0,0
Ceratocephalus falcatus Pers.,Ranunculaceae,Ceratocephalus falcatus (L.) Pers.,0,0,0,0,0,0,0,0,0,1,0,0,0,0,0,0,0,0,0,0,0,0,0,0,0,0,0,0,0,0,0,0,0
Chamaecrista rotundifolia  (Pers.) Greene,Leguminosae,Chamaecrista rotundifolia (Pers.) Greene,1,0,0,0,0,0,0,0,0,0,0,0,0,0,0,0,0,0,0,0,0,0,0,0,0,0,0,0,0,0,0,0,1
Chamaecytisus hirsutus L.,Leguminosae,Cytisus hirsutus L.,0,0,0,0,0,0,0,0,0,0,0,0,0,0,0,0,0,0,0,0,0,0,0,1,0,0,0,0,0,0,0,0,0
Chenopodium ambrosiodes L.,Amaranthaceae,Dysphania ambrosioides (L.) Mosyakin & Clemants,1,0,0,0,0,0,0,0,0,1,0,1,1,0,1,0,0,0,0,1,0,0,0,1,0,0,0,0,0,0,0,0,0
Chenopodium botrys L.,Amaranthaceae,Dysphania botrys (L.) Mosyakin & Clemants,0,0,0,0,0,0,0,0,0,1,0,0,0,0,0,0,0,0,0,0,0,0,0,0,0,0,0,0,0,0,0,0,0
Chenopodium foliosum Asch.,Amaranthaceae,Chenopodium foliosum Asch.,0,0,0,0,0,0,0,0,1,0,0,0,0,0,0,0,0,0,0,0,0,0,0,0,0,0,0,0,0,0,0,0,0
Chenopodium murale L.,Amaranthaceae,Chenopodium murale L.,0,0,0,0,0,0,0,1,1,1,0,1,1,1,1,0,0,0,0,0,1,0,0,1,0,0,0,0,0,0,0,1,0
Chloris barbata Sw.,Poaceae,Chloris barbata Sw.,1,1,1,1,1,1,1,1,1,1,1,1,1,1,1,1,1,1,1,1,1,1,1,1,1,1,1,1,1,1,0,1,1
Chloris gayana Kunth,Poaceae,Chloris gayana Kunth,1,0,0,0,0,0,0,0,0,0,0,0,0,0,1,0,0,0,0,0,0,0,0,1,0,0,0,0,0,0,0,0,0
Chromolaena odorata (L.) King & Robinson,Compositae,Chromolaena odorata (L.) R.M.King & H.Rob.,1,1,1,1,1,1,1,1,1,1,1,1,1,1,1,1,1,1,1,1,1,1,1,1,1,1,1,1,1,1,0,1,1
Chrozophora plicata  (Vahl) A.Juss. ex Spreng.,Euphorbiaceae,Chrozophora plicata (Vahl) A.Juss. ex Spreng.,1,0,1,0,0,1,1,0,0,0,0,1,1,1,1,0,0,0,0,1,1,1,0,1,0,1,0,1,1,0,0,0,0
Cipura paludosa Aubl.,Iridaceae,Cipura paludosa Aubl.,0,1,1,0,0,0,0,0,0,0,0,0,0,0,0,1,1,1,1,0,0,0,1,0,1,0,0,0,0,0,0,0,0
Cirsium arvense (L.) Scop.,Compositae,Cirsium arvense (L.) Scop.,0,0,0,0,0,0,0,0,1,1,0,0,0,0,0,0,0,0,0,0,0,0,1,0,0,0,1,1,0,0,0,0,0
Cissampelos pareira L.,Menispermaceae,Cissampelos pareira L.,1,0,0,0,0,0,0,0,1,0,0,1,1,0,0,0,0,0,0,1,0,0,0,1,0,0,0,0,1,0,0,0,0
Cleome monophylla L.,Cleomaceae,Cleome monophylla L.,1,1,1,1,1,1,1,1,1,1,1,1,1,1,1,1,1,1,1,1,1,1,1,1,1,1,1,1,0,1,0,1,1
Cleome rutidosperma DC.,Cleomaceae,Cleome rutidosperma DC.,1,1,1,1,1,1,1,1,1,1,1,1,1,1,1,1,1,1,1,1,1,1,1,1,1,1,1,1,1,1,0,1,1
Clidemia hirta (L.) D. Don,Melastomataceae,Clidemia hirta (L.) D. Don,0,0,0,0,0,1,0,0,1,1,0,1,1,0,1,0,0,0,0,0,0,0,1,1,0,0,1,1,0,0,0,0,0
Clinopodium vulgare L.,Lamiaceae,Clinopodium vulgare L.,0,0,0,0,0,0,0,0,1,0,0,0,0,0,0,0,0,0,0,0,0,0,0,0,0,0,0,0,0,0,0,0,0
Conyza canadensis (L.) Cronquist,Compositae,Erigeron canadensis L.,1,0,0,0,0,0,0,1,1,1,0,0,1,0,0,0,1,0,0,1,0,0,0,1,0,1,0,0,0,0,0,0,0
Conyza sumatrensis (S.F.Blake) Pruski & G.Sancho,Compositae,Conyza sumatrensis (S.F.Blake) Pruski & G.Sancho,0,0,0,0,0,0,0,0,0,0,0,1,0,0,1,0,0,0,0,0,0,0,0,0,0,0,0,0,0,0,0,0,0
Corchorus aestuans L.,Malvaceae,Corchorus aestuans L.,1,0,0,0,0,1,0,0,1,0,0,1,1,0,1,0,0,0,0,1,0,0,0,1,0,0,0,0,1,0,0,0,0
Coronopus didymus  (L.) Sm.,Brassicaceae,Lepidium didymum L.,1,0,0,0,0,0,0,0,0,1,0,1,1,0,1,0,0,0,0,0,0,0,0,1,0,0,0,0,0,0,0,0,0
Corymbia citriodora (Hook.) K.D.Hill & L.A.S.Johnson,Myrtaceae,Corymbia citriodora (Hook.) K.D.Hill & L.A.S.Johnson,1,0,1,0,0,0,0,1,0,0,0,1,0,0,1,0,0,0,0,0,1,0,0,1,0,1,0,0,0,0,0,0,0
Cosmos bipinnatus Cav.,Compositae,Cosmos bipinnatus Cav.,0,0,0,0,0,0,0,0,1,0,0,1,1,0,1,0,0,0,0,0,0,0,0,0,0,0,0,0,0,0,0,0,0
Cosmos sulphureus Cav.,Compositae,Cosmos sulphureus Cav.,0,0,0,1,0,0,0,1,0,0,0,1,1,1,0,0,0,0,0,0,1,1,0,1,0,1,0,1,0,0,0,1,0
Cotula australis  (Sieber ex Spreng.) Hook.f,Compositae,Cotula australis (Sieber ex Spreng.) Hook.f.,0,1,0,0,0,0,0,0,1,0,0,0,1,0,0,0,1,0,0,0,0,0,0,1,0,0,1,1,0,0,0,0,0
Crassocephalum crepidioides (Benth.) S. Moore,Compositae,Crassocephalum crepidioides (Benth.) S.Moore,1,1,1,1,1,1,1,1,1,1,1,1,1,1,1,1,1,1,1,1,1,1,1,1,1,1,1,1,1,1,0,1,1
Craterostigma plantagineum Hochst.,Linderniaceae,Craterostigma plantagineum Hochst.,0,0,0,0,0,0,0,1,1,1,0,0,0,1,0,0,0,0,0,0,1,1,0,0,0,0,1,0,0,1,0,0,0
Crepis sancta (L.) Bornm.,Compositae,Crepis sancta (L.) Bornm.,0,0,0,0,0,0,0,0,1,0,0,0,0,0,0,0,0,0,0,0,0,0,0,1,0,0,0,0,0,0,0,0,0
Crotalaria incana L.,Leguminosae,Crotalaria incana L.,0,0,0,0,0,0,0,0,1,1,0,0,1,0,0,0,0,0,0,0,0,0,0,0,0,0,1,0,0,0,0,0,0
Crotalaria micans Link,Leguminosae,Crotalaria micans Link,1,0,0,0,0,0,0,0,0,0,0,1,1,0,1,0,0,0,0,0,0,0,0,1,0,0,0,0,0,0,0,0,0
Croton bonplandianum Baill.,Euphorbiaceae,Croton bonplandianus Baill.,1,1,1,1,1,1,1,1,1,1,1,1,1,1,1,1,1,1,1,1,1,1,1,1,1,1,1,1,1,1,0,1,1
Cryptostegia grandiflora  Roxb. ex R.Br,Apocynaceae,Cryptostegia grandiflora Roxb. ex R.Br.,1,1,1,1,1,1,1,1,1,1,1,1,1,1,1,1,1,1,1,1,1,1,1,1,1,1,1,1,0,1,0,1,1
Cryptostegia madagascariensis Bojer ex Decne.,Apocynaceae,Cryptostegia madagascariensis Bojer ex Decne.,0,0,0,0,0,0,1,0,0,0,0,0,1,0,1,0,0,0,0,0,0,0,0,1,0,0,0,0,0,0,0,0,0
Cuscuta campestris Yunck.,Convolvulaceae,Cuscuta campestris Yunck.,1,0,0,0,1,0,1,0,0,0,0,1,1,1,1,0,0,0,0,1,0,0,0,1,0,0,0,1,1,0,0,0,0
Cyclospermum leptophyllum (Pers.) Eichler,Apiaceae,Cyclospermum leptophyllum (Pers.) Sprague,0,1,0,1,0,0,0,1,1,1,0,0,0,1,0,0,0,0,0,0,0,0,1,0,0,1,1,1,0,0,0,0,0
"Cymbalaria muralis P.Gaertn., B.Mey. & Scherb.",Plantaginaceae,"Cymbalaria muralis P.Gaertn., B.Mey. & Scherb.",0,0,0,0,0,0,0,0,0,0,0,0,0,0,0,0,0,0,0,0,0,0,0,1,0,0,0,0,0,0,0,0,0
Cyperus involucratus Rottb.,Cyperaceae,Cyperus involucratus Rottb.,1,0,0,0,0,0,0,0,0,0,0,0,0,0,0,0,0,0,0,0,0,0,0,0,0,0,0,0,0,0,0,0,0
Cytisus canariensis L.,Leguminosae,Genista canariensis L.,0,0,0,0,0,0,0,0,0,0,0,0,0,0,0,0,0,0,0,0,0,0,0,1,0,0,0,0,0,0,0,0,0
Cytisus proliferus L.f.,Leguminosae,Cytisus proliferus L.f.,0,0,0,0,0,0,0,0,0,0,0,0,0,0,0,0,0,0,0,0,0,0,0,1,0,0,0,0,0,0,0,0,0
Cytisus scoparius (L.) Link,Leguminosae,Cytisus scoparius (L.) Link,0,0,0,0,0,1,0,0,1,1,0,1,1,0,1,0,0,0,0,0,0,0,1,1,0,0,1,1,0,0,0,0,0
Dactyliandra welwitschii Hook.f.,Cucurbitaceae,Dactyliandra welwitschii Hook.f.,0,0,0,0,0,0,1,0,0,0,0,0,0,0,0,0,0,0,0,0,0,1,0,0,0,0,0,0,0,0,0,0,0
Dactylis glomerata L.,Poaceae,Dactylis glomerata L.,0,1,0,0,0,0,0,0,1,1,0,0,0,0,0,0,0,0,0,0,0,0,1,1,0,0,1,1,0,0,0,0,0
Dalbergia melanoxylon Guill. & Perr.,Leguminosae,Dalbergia melanoxylon Guill. & Perr.,0,0,0,0,0,1,1,0,0,0,0,1,0,0,1,0,0,0,0,0,0,0,0,1,0,0,0,0,0,0,0,0,0
Datura ferox L.,Solanaceae,Datura ferox L.,0,0,0,0,0,0,0,0,0,0,0,0,1,0,1,0,0,0,0,0,0,0,0,1,0,0,0,0,0,0,0,0,0
Datura innoxia Mill.,Solanaceae,Datura innoxia Mill.,1,1,1,1,1,1,1,1,1,1,1,1,1,1,1,1,1,1,1,1,1,1,1,1,1,1,1,1,0,1,0,1,1
Datura metel (D. fastuosa) L.,Solanaceae,Datura metel L.,1,1,1,1,1,1,1,1,1,1,1,1,1,1,1,1,1,1,1,1,1,1,1,1,1,1,1,1,1,1,0,1,1
Datura stramonium L.,Solanaceae,Datura stramonium L.,0,0,0,0,0,0,0,0,1,1,0,1,1,0,1,0,0,0,0,1,0,0,1,1,0,0,1,1,0,0,0,0,0
Dentella repens (L.) J.R.Forst. & G.Forst.,Rubiaceae,Dentella repens (L.) J.R.Forst. & G.Forst.,0,0,0,0,0,1,0,0,0,0,0,0,0,0,0,0,0,0,0,1,0,0,0,0,0,0,0,0,0,0,0,0,0
Desmanthus virgatus (L.) Willd.,Leguminosae,Desmanthus virgatus (L.) Willd.,1,1,1,1,1,1,1,1,1,1,1,1,1,1,1,1,1,1,1,1,1,1,1,1,1,1,1,1,0,1,0,1,1
Desmodium tortuosum (Sw.) DC.,Leguminosae,Desmodium tortuosum (Sw.) DC.,0,0,0,0,0,0,1,0,0,0,0,1,1,0,1,0,0,0,0,1,0,0,0,1,0,1,0,0,0,0,0,0,0
Dicoma tomentosa Cass.,Compositae,Dicoma tomentosa Cass.,1,1,1,1,1,1,1,1,1,1,1,1,1,1,1,1,1,1,1,1,1,1,1,1,1,1,1,1,0,1,0,1,1
Dimeria ornithopoda var. ornithopoda Trin.,Poaceae,Dimeria ornithopoda Trin.,1,1,1,1,1,1,1,1,1,1,1,1,1,1,1,1,1,1,1,1,1,1,1,1,1,1,1,1,1,1,0,1,1
Diplotaxis muralis DC.,Brassicaceae,Diplotaxis muralis (L.) DC.,0,0,0,0,0,0,0,0,0,1,0,0,0,0,0,0,0,0,0,0,0,0,0,0,0,0,0,0,0,0,0,0,0
Dysphania ambrosioides (L.) Mosyakin & Clemants,Amaranthaceae,Dysphania ambrosioides (L.) Mosyakin & Clemants,0,1,0,0,0,0,0,0,1,1,0,0,0,0,0,0,0,0,0,0,0,0,1,0,0,0,0,1,0,0,0,1,0
Echinochloa cruspavonis (Kunth) Schult.,Poaceae,Echinochloa crus-pavonis (Kunth) Schult.,0,0,0,0,0,0,1,0,0,0,0,0,0,0,0,0,0,0,0,0,0,0,0,0,0,0,0,0,1,0,0,0,0
Eichhornia crassipes (Mart.) Solms,Pontederiaceae,Eichhornia crassipes (Mart.) Solms,1,1,1,1,1,1,1,1,1,1,1,1,1,1,1,1,1,1,1,1,1,1,1,1,1,1,1,1,0,1,0,1,1
Eleutheranthera ruderalis (Sw.) Sch.Bip.,Iridaceae,Eleutheranthera ruderalis (Sw.) Sch.Bip.,0,0,0,0,0,0,0,0,0,0,0,1,0,0,0,0,0,0,0,0,0,0,0,0,0,0,0,0,0,0,0,0,0
Eleutherine bulbosa (Mill.) Urb.,Iridaceae,Eleutherine bulbosa (Mill.) Urb.,0,1,1,0,0,0,0,0,0,0,0,0,1,0,0,1,1,1,1,0,0,0,1,0,1,0,0,0,0,0,0,0,0
Elodea canadensis Michx.,Hydrocharitaceae,Elodea canadensis Michx.,0,0,0,0,0,0,0,0,1,0,0,0,0,0,0,0,0,0,0,0,0,0,0,1,0,0,0,0,0,0,0,0,0
Erechtites valerianifolia  (Link ex Wolf) Less. ex DC.,Compositae,Erechtites valerianifolia (Link ex Wolf) Less. ex DC.,0,0,1,0,0,0,0,0,0,0,0,0,1,1,1,0,0,0,0,0,0,0,1,1,0,1,0,0,0,0,0,0,0
Erigeron annuus  (L.) Pers.,Compositae,Erigeron annuus (L.) Pers.,0,0,0,0,0,0,0,0,1,0,0,0,0,0,0,0,1,0,0,0,0,0,1,0,0,0,1,0,0,0,0,0,0
Erigeron bonariensis  L.,Compositae,Erigeron bonariensis L.,1,0,0,0,0,0,0,0,1,0,0,0,1,0,0,0,1,0,0,0,0,0,1,1,0,1,1,0,0,0,0,0,0
Erigeron karvinskianus DC.,Compositae,Erigeron karvinskianus DC.,0,0,0,0,0,0,0,0,1,0,0,1,1,0,1,0,0,0,0,0,0,0,0,1,0,0,0,0,0,0,0,0,0
Erigeron sublyratus  Roxb. ex DC.,Compositae,Erigeron sublyratus Roxb. ex DC.,1,0,1,1,0,1,0,0,0,0,0,1,1,0,1,0,0,0,1,1,1,0,1,1,0,1,0,1,0,0,0,0,0
Eriochloa fatmensis (Hochst. & Steud.) Clayton,Poaceae,Eriochloa fatmensis (Hochst. & Steud.) Clayton,0,0,0,0,0,0,0,0,0,0,0,0,0,0,1,0,0,0,0,0,0,0,0,0,0,0,0,0,0,0,0,0,0
Erophila verna (L.) DC.,Brassicaceae,Erophila verna (L.) DC.,0,0,0,0,0,0,0,0,1,0,0,0,0,0,0,0,0,0,0,0,0,0,0,0,0,0,0,0,0,0,0,0,0
Eucalyptus globulus Labill.,Myrtaceae,Eucalyptus globulus Labill.,1,0,0,0,0,1,0,0,1,0,0,1,1,0,1,0,0,0,0,0,0,0,0,1,0,0,0,0,0,0,0,0,0
Eupatorium cannabinum L.,Compositae,Eupatorium cannabinum L.,0,0,1,0,0,0,0,0,0,0,0,0,0,0,0,0,1,0,1,0,0,0,0,0,0,0,0,0,0,0,0,0,0
Eupatorium capillifolium  (Lam.) Small ex Porter & Britton,Compositae,Eupatorium capillifolium (Lam.) Small ex Porter & Britton,0,1,0,0,0,0,0,0,0,0,0,1,0,1,0,0,1,0,0,0,0,1,0,0,0,0,0,0,0,0,0,0,0
Euphorbia chamaesyce L.,Euphorbiaceae,Euphorbia chamaesyce L.,1,1,1,0,0,0,0,0,1,1,0,1,1,0,1,1,1,1,1,1,1,0,1,1,0,0,1,1,1,0,0,0,0
Euphorbia cyathophora Murray,Euphorbiaceae,Euphorbia cyathophora Murray,1,1,1,1,1,1,1,1,1,1,1,1,1,1,1,1,1,1,1,1,1,1,1,1,1,1,1,1,0,1,0,1,1
Euphorbia helioscopia L.,Euphorbiaceae,Euphorbia helioscopia L.,0,0,0,1,0,0,0,1,1,1,0,0,0,0,0,0,0,0,0,0,1,0,0,1,0,1,1,0,0,0,0,0,0
Euphorbia heterophylla L.,Euphorbiaceae,Euphorbia heterophylla L.,1,1,1,1,1,1,1,1,1,1,1,1,1,1,1,1,1,1,1,1,1,1,1,1,1,1,1,1,0,1,0,1,1
Euphorbia hispida Boiss.,Euphorbiaceae,Euphorbia hispida Boiss.,0,0,0,0,0,0,0,0,1,0,0,0,0,0,0,0,0,0,0,0,0,0,0,0,0,0,0,0,0,0,0,0,0
Euphorbia hyssopifolia L.,Euphorbiaceae,Euphorbia hyssopifolia L.,1,0,0,0,0,0,0,0,0,0,0,1,1,0,1,0,0,0,0,0,0,0,0,1,0,0,0,0,0,0,0,0,0
Euphorbia indica Lam.,Euphorbiaceae,Euphorbia indica Lam.,1,0,0,1,0,1,1,1,1,0,1,1,1,1,1,0,0,0,0,1,1,1,0,1,0,1,0,1,1,0,0,0,0
Euphorbia peplus L.,Euphorbiaceae,Euphorbia peplus L.,0,0,0,0,0,0,0,0,0,1,0,0,0,0,0,0,1,0,1,0,0,0,0,0,0,0,1,0,0,0,0,0,0
Euphorbia prostrata Aiton,Euphorbiaceae,Euphorbia prostrata Aiton,1,1,1,1,1,1,1,1,1,0,0,1,1,1,1,0,1,0,0,1,1,1,1,1,1,1,1,1,1,0,0,1,0
Euphorbia tirucalli L.,Euphorbiaceae,Euphorbia tirucalli L.,1,1,1,1,1,1,1,1,1,1,1,1,1,1,1,1,1,1,1,1,1,1,1,1,1,1,1,1,0,1,0,1,1
Euphorbia tithymaloides L.,Euphorbiaceae,Euphorbia tithymaloides L.,1,1,1,1,1,1,1,1,1,1,1,1,1,1,1,1,1,1,1,1,1,1,1,1,1,1,1,1,0,1,0,1,1
Evolvulus nummularis (L.) L.,Convolvulaceae,Evolvulus nummularius (L.) L.,1,1,1,1,1,1,1,1,1,1,1,1,1,1,1,1,1,1,1,1,1,1,1,1,1,1,1,1,1,1,0,1,1
Farsetia heliophila Bunge ex Coss.,Brassicaceae,Farsetia heliophila Bunge ex Coss.,0,0,0,0,0,0,0,0,0,0,0,0,0,0,0,0,0,0,0,0,0,1,0,0,0,0,0,0,0,0,0,0,0
Fimbristylis littoralis Gaudich.,Cyperaceae,Fimbristylis littoralis Gaudich.,1,0,1,1,0,0,1,0,1,1,0,1,1,1,1,0,1,0,1,1,1,1,1,1,0,1,0,1,0,0,0,0,0
Fioria vitifolia L.,Malvaceae,Hibiscus vitifolius L.,1,1,1,1,1,1,1,1,1,1,1,1,1,1,1,1,1,1,1,1,1,1,1,1,1,1,1,1,0,1,0,1,1
Flaveria australasica Hook,Compositae,Flaveria australasica Hook.,1,0,0,0,0,0,1,0,0,0,0,0,0,1,0,0,0,0,0,0,0,1,0,1,0,1,0,1,0,0,0,0,0
Flaveria trinervia (Spreng.) C. Mohr.,Compositae,Flaveria trinervia (Spreng.) C.Mohr,1,1,1,1,1,1,1,1,1,1,1,1,1,1,1,1,1,1,1,1,1,1,1,1,1,1,1,1,0,1,0,1,1
Galinsoga parviflora Cav.,Compositae,Galinsoga parviflora Cav.,1,1,1,1,1,1,1,1,1,1,1,1,1,1,1,1,1,1,1,1,1,1,1,1,1,1,1,1,0,1,0,1,1
Galinsoga quadriradiata Ruiz. & Pavon,Compositae,Galinsoga quadriradiata Ruiz & Pav.,1,0,0,0,0,0,0,0,0,0,0,1,1,0,1,0,0,0,0,0,0,0,0,1,0,0,0,0,0,0,0,0,1
Galium palustre L.,Rubiaceae,Galium palustre L.,0,0,0,0,0,0,0,0,0,1,0,0,0,0,0,0,0,0,0,0,0,0,0,0,0,0,0,0,0,0,0,0,0
Gamochaeta coarctata  (Willd.) Kerguélen,Compositae,Gnaphalium coarctatum Willd.,0,0,0,0,0,0,0,0,1,0,0,0,0,0,0,0,0,0,0,0,0,0,0,0,0,0,0,0,0,0,0,0,0
Gamochaeta purpurea (L.) Cabrera,Compositae,Gnaphalium purpureum L.,0,0,0,0,0,0,0,0,1,0,0,0,0,0,0,0,0,0,0,0,0,0,0,0,0,0,0,0,0,0,0,0,0
Genista monspessulana (L.) L.A.S.Johnson,Leguminosae,Genista monspessulana (L.) L.A.S.Johnson,0,0,0,0,0,1,0,0,0,0,0,1,1,0,1,0,0,0,0,0,0,0,0,1,0,0,0,0,0,0,0,0,0
Gisekia pharnacioides L.,Gisekiaceae,Gisekia pharnaceoides L.,1,0,0,0,0,0,1,0,0,0,0,1,1,0,1,0,0,0,0,1,1,1,0,1,0,0,0,0,0,0,1,0,1
Gnaphalium coarctatum Willd.,Compositae,Gnaphalium coarctatum Willd.,1,0,0,0,0,0,0,0,1,1,0,0,1,0,0,0,0,0,0,0,0,0,0,1,0,0,1,0,0,0,0,0,0
Gnaphalium pensylvanicum Willd.,Compositae,Gnaphalium pensylvanicum Willd.,1,1,1,1,1,1,1,1,1,1,1,1,1,1,1,1,1,1,1,1,1,1,1,1,1,1,1,1,0,1,0,1,1
Gnaphalium polycaulon Pers.,Compositae,Gnaphalium polycaulon Pers.,1,1,1,1,1,1,1,1,1,1,1,1,1,1,1,1,1,1,1,1,1,1,1,1,1,1,1,1,0,1,0,1,1
Gomphocarpus physocarpus E.Mey.,Apocynaceae,Gomphocarpus physocarpus E.Mey.,0,0,0,0,0,0,0,0,1,1,0,0,1,0,0,0,0,0,0,0,0,0,0,1,0,0,1,0,0,0,0,0,0
Gomphrena celosioides Mart.,Amaranthaceae,Gomphrena celosioides Mart.,0,0,0,1,0,0,1,0,1,0,0,1,1,0,0,0,0,0,0,1,0,0,0,1,0,0,0,0,0,0,0,0,0
Gomphrena globosa L.,Amaranthaceae,Gomphrena globosa L.,1,0,0,0,0,0,0,0,0,0,0,1,1,0,1,0,0,0,0,1,0,0,0,1,0,0,0,0,1,0,0,0,0
Gymnocoronis spilanthoides (D. Don ex Hook. & Arn.) DC.,Compositae,Gymnocoronis spilanthoides (D.Don ex Hook. & Arn.) DC.,0,1,1,0,0,0,0,0,0,0,0,0,0,0,0,1,1,1,1,0,0,0,0,0,1,0,0,0,0,0,0,0,0
Gypsophila muralis L.,Caryophyllaceae,Gypsophila muralis L.,0,0,0,0,0,0,0,0,0,1,0,0,0,0,0,0,0,0,0,0,0,0,0,0,0,0,0,0,0,0,0,0,0
Hakea salicifolia (Vent.) B.L.Burtt,Proteaceae,Hakea salicifolia (Vent.) B.L.Burtt,0,0,0,0,0,1,0,0,0,0,0,1,1,0,1,0,0,0,0,0,0,0,0,1,0,0,0,0,0,0,0,0,0
Hardenbergia comptoniana (Andrews) Benth.,Leguminosae,Hardenbergia comptoniana (Andrews) Benth.,0,0,0,0,0,0,0,0,0,0,0,1,0,0,1,0,0,0,0,0,0,0,0,1,0,0,0,0,0,0,0,0,0
Hedera helix L.,Araliaceae,Hedera helix L.,0,1,1,0,0,0,0,0,1,1,0,0,0,0,1,1,1,1,1,0,1,0,1,1,1,0,1,1,0,0,0,0,0
Helichrysum bracteatum (Venten.) Willd.,Compositae,Helichrysum bracteatum (Venten.) Willd.,0,0,0,0,0,0,0,0,0,0,0,0,0,0,0,0,0,0,0,0,0,0,0,1,0,0,0,0,0,0,0,0,0
Heliotropium curassavicum L.,Boraginaceae,Heliotropium curassavicum L.,1,1,1,1,1,1,1,1,1,1,1,1,1,1,1,1,1,1,1,1,1,1,1,1,1,1,1,1,0,1,0,1,1
Heliotropium indicum L.,Boraginaceae,Heliotropium indicum L.,1,1,1,1,1,1,1,1,1,1,1,1,1,1,1,1,1,1,1,1,1,1,1,1,1,1,1,1,1,1,0,1,1
Heliotropium subulatum (Burm.f.) Lam.,Boraginaceae,Heliotropium subulatum Hochst. ex DC.,1,0,0,0,1,0,0,1,1,1,0,1,1,1,1,0,0,0,0,0,1,1,0,1,0,0,1,0,0,1,1,1,1
Hemerocallis fulva (L.) L.,Xanthorrhoeaceae,Hemerocallis fulva (L.) L.,0,0,0,0,0,0,0,0,1,0,0,0,0,0,0,0,0,0,0,0,0,0,0,1,0,0,0,0,0,0,0,0,0
Hieracium crocatum Fr.,Compositae,Hieracium crocatum Fr.,0,0,0,0,0,0,0,0,1,0,0,0,0,0,0,0,0,0,0,0,0,0,0,0,0,0,0,0,0,0,0,0,0
Hovenia dulcis Thunb.,Rhamnaceae,Hovenia dulcis Thunb.,0,0,1,0,0,1,0,0,1,1,0,1,1,0,1,0,1,0,0,0,0,0,0,1,0,0,1,1,0,0,0,0,0
Hydrocharis dubia Backer,Hydrocharitaceae,Hydrocharis dubia (Blume) Backer,0,0,0,1,0,0,0,1,1,1,0,0,0,0,0,0,0,0,0,0,0,0,0,0,0,1,1,0,0,1,0,1,0
Hypochoeris glabra L.,Compositae,Hypochaeris glabra L.,0,0,0,0,0,0,0,0,0,0,0,1,1,0,1,0,0,0,0,0,0,0,0,1,0,0,0,0,0,0,0,0,0
Hyptis capitata Jacq.,Lamiaceae,Hyptis capitata Jacq.,0,0,0,0,0,1,0,0,0,0,0,0,1,0,0,0,0,0,0,0,0,0,0,0,0,0,0,0,1,0,0,0,0
Hyptis pectinata (L.) Poit.,Lamiaceae,Hyptis pectinata (L.) Poit.,0,0,1,0,0,0,0,0,0,0,0,0,0,0,0,0,0,0,0,0,0,0,0,1,0,0,0,1,1,0,0,0,0
Hyptis suaveolens (L.) Poit.,Lamiaceae,Hyptis suaveolens (L.) Poit.,1,1,1,1,1,1,1,1,1,1,1,1,1,1,1,1,1,1,1,1,1,1,1,1,1,1,1,1,1,1,0,1,1
Indigofera spicata Forssk.,Leguminosae,Indigofera spicata Forssk.,1,0,0,1,0,0,1,0,0,0,0,1,1,1,1,1,0,0,0,1,0,0,0,1,0,0,0,1,0,0,0,0,0
Indigofera trita L.f.,Leguminosae,Indigofera trita L.f.,1,1,1,1,1,1,1,1,1,1,1,1,1,1,1,1,1,1,1,1,1,1,1,1,1,1,1,1,0,1,0,1,1
Ipomoea cairica (L.) Sweet,Convolvulaceae,Ipomoea cairica (L.) Sweet,1,1,1,1,1,1,1,1,1,1,1,1,1,1,1,1,1,1,1,1,1,1,1,1,1,1,1,1,1,1,0,1,1
Ipomoea carnea subsp. fistulosa (Mart. Ex Choisy) D.F. Austin,Convolvulaceae,Ipomoea carnea fistulosa,1,0,0,0,0,0,0,1,0,1,0,1,1,0,1,0,0,0,0,0,1,1,0,0,0,1,0,0,0,0,0,1,0
Ipomoea coccinea L.,Convolvulaceae,Ipomoea rubriflora O'Donell,1,0,0,0,0,0,0,0,0,0,0,1,1,0,1,0,0,0,0,0,0,0,0,0,0,0,0,0,0,0,0,0,0
Ipomoea coptica (L.) Roth ex Roem. & Schult.,Convolvulaceae,Ipomoea coptica (L.) Roth ex Roem. & Schult.,1,0,0,0,0,0,0,0,0,0,0,1,0,0,1,0,0,0,0,0,0,0,0,1,0,0,0,0,0,0,0,0,0
Ipomoea hederifolia L.,Convolvulaceae,Ipomoea hederifolia L.,1,0,0,0,0,1,0,0,1,0,0,1,1,0,1,0,0,0,0,1,0,0,0,1,0,0,0,0,1,0,0,0,0
Ipomoea mauritiana Jacq,Convolvulaceae,Ipomoea mauritiana Jacq.,0,0,0,0,0,1,0,0,0,0,0,0,1,0,1,0,0,0,0,0,0,0,0,1,0,0,0,0,0,0,0,0,0
Ipomoea muricata (L.) Jacq.,Convolvulaceae,Ipomoea muricata (L.) Jacq.,1,1,1,1,1,1,1,1,1,1,1,1,1,1,1,1,1,1,1,1,1,1,1,1,1,1,1,1,0,1,0,1,1
Ipomoea obscura (L.) Ker Gawl.,Convolvulaceae,Ipomoea obscura (L.) Ker Gawl.,1,0,0,0,0,1,0,0,1,0,0,1,1,0,1,0,0,0,0,1,0,1,0,1,0,1,0,0,0,0,0,1,0
Ipomoea pes-tigridis L.,Convolvulaceae,Ipomoea pes-tigridis L.,1,0,1,0,0,1,0,1,1,0,0,1,1,0,1,0,0,0,0,1,0,1,0,1,0,1,1,1,0,0,0,1,0
Ipomoea purpurea (L.) Roth,Convolvulaceae,Ipomoea purpurea (L.) Roth,1,1,1,1,1,1,1,1,1,1,1,1,1,1,1,1,1,1,1,1,1,1,1,1,1,1,1,1,0,1,0,1,1
Ipomoea quamoclit L.,Convolvulaceae,Ipomoea quamoclit L.,1,0,1,0,0,1,0,1,1,0,0,1,1,0,1,0,0,0,0,1,0,0,0,1,0,0,1,1,0,0,0,1,0
Ipomoea tricolor Cav.,Convolvulaceae,Ipomoea tricolor Cav.,0,0,0,0,0,0,0,0,0,0,0,0,1,0,0,0,0,0,0,0,0,0,0,0,0,0,0,0,0,0,0,0,0
Ipomoea triloba  L.,Convolvulaceae,Ipomoea triloba L.,0,0,0,0,0,0,1,0,0,0,0,1,1,0,1,0,0,0,0,0,0,1,0,1,0,0,0,0,0,0,0,0,0
Jatropha curcas L.,Euphorbiaceae,Jatropha curcas L.,1,0,0,0,0,1,1,0,1,0,0,1,1,1,1,0,0,0,0,1,0,1,1,1,0,1,0,1,1,0,0,0,0
Jatropha glandulifera Roxb.,Euphorbiaceae,Jatropha glandulifera Roxb.,1,0,0,0,0,1,0,0,0,0,0,1,1,0,1,0,0,0,0,1,0,0,0,1,0,0,0,0,0,0,0,0,0
Jatropha gossypiifolia L.,Euphorbiaceae,Jatropha gossypiifolia L.,1,0,1,1,0,1,1,0,0,0,0,1,1,1,1,0,0,0,0,1,0,1,0,1,0,1,0,1,1,0,0,0,0
Kallstroemia pubescens (G.Don) Dandy,Zygophyllaceae,Kallstroemia pubescens (G.Don) Dandy,0,0,0,1,0,0,0,0,0,0,0,0,0,0,1,0,0,0,0,1,0,0,0,0,0,0,0,1,0,0,0,0,0
Koeleria macrantha (Ledeb.) Schult.,Poaceae,Koeleria macrantha (Ledeb.) Schult.,0,1,0,0,0,0,0,0,1,1,0,0,0,0,0,0,0,0,0,0,0,0,1,0,0,0,1,1,0,0,0,0,0
Lagascea mollis Cav.,Compositae,Lagascea mollis Cav.,1,0,1,0,0,1,1,0,1,0,0,1,1,0,1,0,0,0,0,0,0,1,0,1,0,1,0,1,0,0,0,0,0
Lantana camara L.,Verbenaceae,Lantana camara L.,1,1,1,1,1,1,1,1,1,1,1,1,1,1,1,1,1,1,1,1,1,1,1,1,1,1,1,1,1,1,0,1,1
Lantana trifolia L.,Verbenaceae,Lantana trifolia L.,0,0,0,0,0,1,0,0,0,0,0,1,1,0,1,0,0,0,0,0,0,0,0,1,0,0,0,0,0,0,0,0,0
Lemna turionifera Landolt,Araceae,Lemna turionifera Landolt,0,0,0,0,0,0,1,0,0,1,0,0,0,0,0,0,0,0,0,0,1,0,0,0,0,0,0,1,0,0,0,0,0
Leonotis nepetifolia (L.) R. Br.,Lamiaceae,Leonotis nepetifolia (L.) R.Br.,1,1,1,1,1,1,1,1,1,1,0,1,1,1,1,1,1,1,1,1,1,1,1,1,1,1,1,1,0,0,0,1,1
Lepidium didymum L.,Brassicaceae,Lepidium didymum L.,1,0,0,1,0,0,0,0,1,1,0,1,1,1,1,0,0,0,0,0,1,1,0,1,0,1,1,1,0,0,0,1,0
Lepidium ruderale L.,Brassicaceae,Lepidium ruderale L.,0,0,0,0,0,0,0,0,0,1,0,0,0,0,0,0,0,0,0,0,0,0,0,1,0,0,0,0,0,0,0,0,0
Lepidium virginicum L.,Brassicaceae,Lepidium virginicum L.,0,0,0,1,0,0,0,0,1,1,0,0,0,0,0,0,0,0,0,0,0,0,0,1,0,1,1,1,0,0,0,0,0
Leucaena latisiliqua (L.) Benth.,Leguminosae,Lysiloma latisiliquum (L.) Benth.,1,1,1,1,1,1,1,1,1,1,1,1,1,1,1,1,1,1,1,1,1,1,1,1,1,1,1,1,1,1,0,1,1
Leucaena leucocephala (Lam.) de Wit,Leguminosae,Leucaena leucocephala (Lam.) de Wit,1,1,1,1,1,1,1,1,1,1,1,1,1,1,1,1,1,1,1,1,1,1,1,1,1,1,1,1,1,1,1,1,1
Leucanthemum vulgare (Vaill.) Lam.,Compositae,Leucanthemum vulgare (Vaill.) Lam.,1,0,1,0,0,0,0,0,1,1,0,0,0,0,0,0,0,0,0,0,1,0,0,0,0,1,1,1,0,0,0,1,0
Limnocharis flava (L.) Buchenau,Alismataceae,Limnocharis flava (L.) Buchenau,0,0,0,0,0,0,0,0,0,0,0,0,1,0,0,0,0,0,0,0,0,0,0,0,0,0,0,0,1,0,0,0,0
Lippia alba (Mill.) N.E. Brown Ex Britton & Wilson,Verbenaceae,Lippia alba (Mill.) N.E.Br. ex Britton & P.Wilson,1,0,0,0,0,1,1,0,0,0,0,1,1,0,1,0,0,0,0,1,0,0,0,1,0,0,0,0,1,0,1,0,1
Lobelia chinensis Lour.,Campanulaceae,Lobelia chinensis Lour.,0,0,0,1,0,1,0,0,0,0,1,1,1,0,0,0,1,0,0,1,0,0,0,1,0,0,0,1,0,0,0,0,0
Lolium temulentum L.,Poaceae,Lolium temulentum L.,0,0,0,0,0,0,0,0,1,1,0,0,1,0,1,0,0,0,0,1,0,0,0,1,0,0,1,0,0,0,0,0,0
Ludwigia erecta (L.) H.Hara,Onagraceae,Ludwigia erecta (L.) H.Hara,0,0,0,0,0,0,0,0,0,0,0,0,0,0,1,0,0,0,0,0,0,0,0,0,0,0,0,1,0,0,0,0,0
Ludwigia hyssopifolia (G.Don) Exell,Onagraceae,Ludwigia hyssopifolia (G.Don) Exell,1,0,1,1,0,1,1,0,0,0,0,1,1,0,1,1,0,1,0,1,0,1,0,1,0,0,0,0,1,0,0,0,0
Ludwigia peruviana (L.) H. Hara,Onagraceae,Ludwigia peruviana (L.) H.Hara,1,1,1,1,1,1,1,1,1,1,1,1,1,1,1,1,1,1,1,1,1,1,1,1,1,1,1,1,0,1,0,1,1
Lychnis coronaria Desr.,Caryophyllaceae,Silene coronaria (Desr.) Clairv. ex Rchb.,0,0,0,0,0,0,0,0,0,1,0,1,0,0,0,0,0,0,0,0,0,0,0,0,0,0,0,0,0,0,0,0,0
Lycopus europaeus L.,Lamiaceae,Lycopus europaeus L.,0,0,0,0,0,0,0,0,1,0,0,0,0,0,0,0,0,0,0,0,0,0,0,0,0,0,0,0,0,0,0,0,0
Macfadyena unguis-cati (L.) A. H. Gentry,Bignoniaceae,Dolichandra unguis-cati (L.) L.G.Lohmann,0,1,1,0,0,0,0,0,0,0,0,0,1,0,1,1,1,1,1,0,0,0,0,1,1,0,0,0,0,0,0,0,0
Macroptilium atropurpureum (Macino & Sesse et DC) Urb.,Leguminosae,Macroptilium atropurpureum (DC.) Urb.,1,1,1,1,1,1,1,1,1,1,1,1,1,1,1,1,1,1,1,1,1,1,1,1,1,1,1,1,0,1,0,1,1
Macroptilium lathyroides (L.) Urb,Leguminosae,Macroptilium lathyroides (L.) Urb.,0,0,0,0,0,0,0,0,0,0,0,1,0,0,1,0,0,0,0,1,0,1,0,1,0,0,0,0,0,0,0,0,0
Malachra capitata (L.) L.,Malvaceae,Malachra capitata (L.) L.,1,1,1,1,1,1,1,1,1,1,1,1,1,1,1,1,1,1,1,1,1,1,1,1,1,1,1,1,0,1,0,1,1
Malva neglecta Wallr.,Malvaceae,Malva neglecta Wallr.,0,0,0,0,0,0,0,0,1,0,0,0,0,0,1,0,0,0,0,0,0,0,0,0,0,0,0,0,0,0,0,0,0
Malva parviflora var. parviflora L.,Malvaceae,Malva parviflora L.,0,0,0,0,0,0,0,0,0,1,0,1,0,1,1,0,0,0,0,0,1,0,1,1,0,1,0,0,0,0,0,0,0
Malvastrum coromandelianum (L.) Garcke,Malvaceae,Malvastrum coromandelianum (L.) Garcke,1,1,1,1,1,1,1,1,1,1,1,1,1,1,1,1,1,1,1,1,1,1,1,1,1,1,1,1,1,1,0,1,1
Martynia annua L.,Martyniaceae,Martynia annua L.,1,1,1,1,1,1,1,1,1,1,1,1,1,1,1,1,1,1,1,1,1,1,1,1,1,1,1,1,0,1,0,1,1
Mecardonia procumbens (Mill.) Small,Plantaginaceae,Mecardonia procumbens (Mill.) Small,1,1,1,1,1,1,1,1,1,1,1,1,1,1,1,1,1,1,1,1,1,1,1,1,1,1,1,1,1,1,0,1,1
Medicago polymorpha L.,Leguminosae,Medicago polymorpha L.,0,0,0,1,0,0,0,1,1,1,0,0,0,0,0,0,0,0,0,0,1,1,0,1,0,0,1,1,0,1,0,1,0
Melia azedarach L.,Meliaceae,Melia azedarach L.,1,1,1,1,1,1,1,1,1,1,1,1,1,1,1,1,1,1,1,1,1,1,1,1,1,1,1,1,0,1,0,1,1
Melianthus major L.,Melianthaceae,Melianthus major L.,0,0,0,0,0,0,0,0,1,1,0,0,0,0,0,0,0,0,0,0,0,0,0,1,0,1,1,0,0,0,0,0,0
Melochia pyramidata L.,Malvaceae,Melochia pyramidata L.,1,0,0,0,1,0,0,0,0,0,0,1,1,1,1,0,0,0,0,0,0,0,0,1,0,0,0,0,0,0,1,0,1
Mentha piperita L.,Lamiaceae,Mentha <d7> piperita L.,0,0,0,0,0,1,0,0,0,1,0,1,1,0,1,0,0,0,0,1,1,0,0,1,0,0,0,0,0,0,0,0,0
Merremia aegyptia (L.) Urb.,Convolvulaceae,Merremia aegyptia (L.) Urb.,1,0,0,0,0,1,0,0,0,0,0,1,1,0,1,0,0,0,0,1,0,0,0,1,0,0,0,0,0,0,0,0,0
Merremia dissecta (Jacq.) Hallier. f.,Convolvulaceae,Merremia dissecta (Jacq.) Hallier f.,1,0,0,0,0,0,0,1,0,0,0,1,1,0,1,0,0,0,0,0,0,1,0,1,0,0,0,0,0,0,0,0,0
Merremia quinata  (R. Br.) Ooststr.,Convolvulaceae,Merremia quinata (R. Br.) Ooststr.,0,0,0,0,0,1,0,0,0,0,0,1,1,0,1,0,0,0,0,1,0,0,0,1,0,0,0,0,0,0,0,0,0
Merremia tuberosa (L.) Rendle,Convolvulaceae,Merremia tuberosa (L.) Rendle,0,0,0,0,0,0,0,0,0,0,0,0,0,0,1,0,0,0,0,0,0,0,0,0,0,1,0,0,1,0,0,0,0
Micrococca mercurialis (L.) Benth.,Euphorbiaceae,Micrococca mercurialis (L.) Benth.,1,0,0,1,0,1,0,1,1,0,0,1,1,1,1,0,0,0,0,1,0,1,0,1,0,1,0,1,0,0,1,0,1
Mikania cordata  (Burm.f.) B.L.Rob,Compositae,Mikania cordata (Burm.f.) B.L.Rob.,1,0,0,0,0,0,0,0,0,0,0,1,1,0,1,0,0,0,0,0,0,0,0,1,0,0,0,0,1,0,1,0,1
Mikania micrantha Kunth,Compositae,Mikania micrantha Kunth,1,0,1,0,0,0,0,0,0,0,0,1,1,0,1,0,0,0,0,1,0,0,1,0,1,1,0,1,0,0,0,0,0
Mimosa diplotricha var. diplotricha Sauvalle,Leguminosae,Mimosa diplotricha var. diplotricha,0,0,0,0,0,0,0,0,0,0,0,0,1,0,0,0,0,0,0,0,0,0,0,0,0,0,0,0,0,0,0,0,0
Mimosa invisa Colla,Leguminosae,Mimosa invisa Colla,0,0,0,0,0,0,0,0,0,0,0,1,1,0,0,0,0,0,0,0,0,0,0,1,0,0,0,0,1,0,0,0,0
Mimosa pudica L.,Leguminosae,Mimosa pudica L.,1,1,1,1,1,1,1,1,1,1,1,1,1,1,1,1,1,1,1,1,1,1,1,1,1,1,1,1,1,1,0,1,1
Mirabilis jalapa L.,Nyctaginaceae,Mirabilis jalapa L.,1,1,1,1,1,1,1,1,1,1,1,1,1,1,1,1,1,1,1,1,1,1,1,1,1,1,1,1,1,1,0,1,1
Mitracarpus hirtus (L.) DC.,Rubiaceae,Mitracarpus hirtus (L.) DC.,1,0,0,0,0,0,0,0,0,0,0,1,1,1,1,0,0,0,0,0,0,0,0,1,0,0,0,0,0,0,1,0,1
Montanoa bipinnatifida  (Kunth) K.Koch,Compositae,Montanoa bipinnatifida (Kunth) K.Koch,1,1,1,1,1,1,1,1,1,1,1,1,1,1,1,1,1,1,1,1,1,1,1,1,1,1,1,1,0,1,0,1,1
Muntingia calabura L.,Muntingiaceae,Muntingia calabura L.,1,0,0,0,0,1,0,0,0,0,0,1,1,0,1,0,0,0,0,0,0,0,0,1,0,0,0,0,1,0,0,0,0
Casuarina littoralis (Salisb.) L.A.S.Johnson,Casuarinaceae,Allocasuarina littoralis (Salisb.) L.A.S.Johnson,1,1,1,1,1,1,1,1,1,1,1,1,1,1,1,1,1,1,1,1,1,1,1,1,1,1,1,1,0,1,0,1,1
Cleome burmanni Wt. & Arn.,Cleomaceae,Cleome rutidosperma var. burmannii (Wight & Arn.) Siddiqui & S.N.Dixit,0,0,0,0,0,0,0,0,0,0,0,0,1,0,1,0,0,0,0,0,0,0,0,1,0,0,0,0,0,0,0,0,0
Hedyotis tenelliflora (Blume) Kuntze,Rubiaceae,Oldenlandia tenelliflora (Blume) Kuntze,0,1,1,0,0,0,0,0,0,0,0,0,0,0,0,0,1,0,0,0,0,0,1,0,0,0,0,0,1,0,0,0,0
Oxalis debilis var. corymbosa  (DC.) Lourteig,Oxalidaceae,Oxalis debilis var. corymbosa (DC.) Lourteig,0,0,1,1,0,0,0,0,1,1,0,0,1,0,1,1,1,1,0,0,1,0,1,1,0,1,0,1,0,0,0,1,0
Agrostis tenuis Sibth.,Poaceae,Agrostis idahoensis Nash,0,0,0,0,0,0,0,0,0,1,0,0,1,0,0,0,0,0,0,0,0,0,0,0,0,0,0,0,0,0,0,0,0
Alternanthera ficoidea  (L.) Sm.,Amaranthaceae,Alternanthera ficoidea (L.) Sm.,0,0,0,0,0,0,1,0,0,0,0,1,1,0,1,0,0,0,0,1,0,0,0,1,0,0,0,0,0,0,0,0,0
Oxalis pubescens G.Don,Oxalidaceae,Oxalis spiralis Ruiz & Pav. ex G.Don,1,0,0,0,0,0,0,0,0,0,0,0,0,0,0,0,0,0,0,0,0,0,0,1,0,0,0,0,0,0,0,0,0
Nasturtium officinale R.Br.,Brassicaceae,Nasturtium officinale R.Br.,1,1,1,1,1,1,1,1,1,1,1,1,1,1,1,1,1,1,1,1,1,1,1,1,1,1,1,1,0,1,0,1,1
Neptunia plena (L.) Benth.,Leguminosae,Neptunia plena (L.) Benth.,1,0,0,0,0,0,1,1,1,1,0,1,1,1,1,0,0,0,0,1,1,1,0,1,0,0,1,1,0,1,0,1,1
Nicandra physalodes (L.) Gaertn.,Solanaceae,Nicandra physalodes (L.) Gaertn.,1,0,0,0,0,0,1,0,0,0,0,0,0,0,1,0,0,0,0,0,0,0,0,1,0,0,0,0,0,0,0,0,0
Nicotiana glauca Graham,Solanaceae,Nicotiana glauca Graham,0,0,0,0,0,1,0,0,0,0,0,1,1,0,1,0,0,0,0,0,0,0,0,1,0,0,0,0,0,0,0,0,0
Nicotiana plumbaginifolia Viv.,Solanaceae,Nicotiana plumbaginifolia Viv.,1,1,1,1,1,1,1,1,1,1,1,1,1,1,1,1,1,1,1,1,1,1,1,1,1,1,1,1,1,1,0,1,1
Nothosaerva brachiata (L.) Wight,Amaranthaceae,Nothosaerva brachiata (L.) Wight,1,0,0,0,0,1,1,0,0,0,0,1,1,1,1,0,0,0,0,1,0,0,0,1,0,0,0,1,0,0,0,0,1
Nymphaea alba L.,Nymphaeaceae,Nymphaea alba L.,0,0,0,0,0,0,0,0,0,1,0,0,0,0,0,0,0,0,0,0,0,0,0,0,0,0,0,0,0,0,0,0,0
Nymphaea mexicana Zucc.,Nymphaeaceae,Nymphaea mexicana Zucc.,0,0,0,0,0,0,0,0,0,1,0,0,0,0,0,1,0,0,0,0,0,0,0,0,0,0,0,0,0,0,0,0,0
Ocimum americanum L.,Lamiaceae,Ocimum americanum L.,1,1,1,1,1,1,1,1,1,1,1,1,1,1,1,1,1,1,1,1,1,1,1,1,1,1,1,1,1,1,0,1,1
Ocimum gratissimum L.,Lamiaceae,Ocimum gratissimum L.,1,0,0,0,0,0,0,0,0,0,0,1,1,0,1,0,0,0,0,1,0,0,0,1,0,0,0,0,1,0,0,0,0
Oenothera biennis L.,Onagraceae,Oenothera biennis L.,0,0,0,0,0,0,0,0,1,0,0,0,0,0,0,0,0,0,0,0,0,0,0,1,0,0,0,0,0,0,0,0,0
Oenothera drummondii Hook.,Onagraceae,Oenothera drummondii Hook.,0,0,0,0,0,0,0,0,1,0,0,0,0,0,0,0,0,0,0,0,0,0,0,0,0,0,0,0,0,0,0,0,0
Oenothera glazioviana Micheli,Onagraceae,Oenothera glazioviana Micheli,0,0,0,0,0,0,0,0,0,1,0,0,1,0,0,0,0,0,0,0,0,0,0,1,0,0,0,0,0,0,0,0,0
Oenothera rosea L'Hér. ex Aiton,Onagraceae,Oenothera rosea L'H<e9>r. ex Aiton,1,1,1,1,1,1,1,1,1,1,1,1,1,1,1,1,1,1,1,1,1,1,1,1,1,1,1,1,0,1,0,1,1
Oenothera tetraptera Cav.,Onagraceae,Oenothera tetraptera Cav.,0,0,0,0,0,0,0,0,0,0,0,0,0,0,0,0,0,0,0,0,0,0,0,1,0,0,0,0,0,0,0,0,0
Olea europaea L.,Oleaceae,Olea europaea L.,0,0,0,0,0,0,0,0,0,1,0,0,1,0,1,0,0,0,0,0,0,0,0,0,0,0,0,0,0,0,0,0,0
Opuntia cochenillifera,Cactaceae,Opuntia cochenillifera DC.,1,0,0,0,0,0,0,0,0,0,0,1,0,0,0,0,0,0,0,1,0,0,0,0,0,0,0,1,0,0,0,0,0
Opuntia dillenii (Ker Gawl.) Haw.,Cactaceae,Opuntia dillenii (Ker Gawl.) Haw.,1,1,1,1,1,1,1,1,1,1,1,1,1,1,1,1,1,1,1,1,1,1,1,1,1,1,1,1,1,1,0,1,1
Opuntia elatior Miller,Cactaceae,Opuntia elatior Mill.,1,1,1,1,1,1,1,1,1,1,1,1,1,1,1,1,1,1,1,1,1,1,1,1,1,1,1,1,0,1,0,1,1
Opuntia monacantha Haw.,Cactaceae,Opuntia monacantha (Willd.) Haw.,1,1,1,1,1,1,1,1,1,1,1,1,1,1,1,1,1,1,1,1,1,1,1,1,1,1,1,1,0,1,0,1,1
Opuntia stricta (Haw.) Haw.,Cactaceae,Opuntia stricta (Haw.) Haw.,1,1,1,1,1,1,1,1,1,1,1,1,1,1,1,1,1,1,1,1,1,1,1,1,1,1,1,1,0,1,0,1,1
Opuntia vulgaris Miller,Cactaceae,Opuntia ficus-indica (L.) Mill.,1,0,0,0,1,0,0,0,0,0,0,0,1,0,1,0,0,0,0,1,0,0,0,1,0,0,0,0,0,0,0,0,0
Oxalis deppei Lodd. ex Sweet,Oxalidaceae,Oxalis deppei Lodd. ex Sweet,0,0,0,0,0,0,0,0,1,0,0,0,0,0,1,0,1,0,0,0,0,0,0,1,0,1,1,0,0,0,0,0,0
Oxalis latifolia Kunth,Oxalidaceae,Oxalis latifolia Kunth,1,0,0,0,0,1,1,0,0,0,0,1,1,0,1,0,0,0,0,1,0,0,0,1,0,0,0,1,0,0,0,0,0
Oxalis pes-caprae L. ,Oxalidaceae,Oxalis pes-caprae L.,0,0,0,0,0,0,0,0,0,0,0,0,0,0,0,0,0,0,0,0,0,0,0,1,0,0,0,0,0,0,0,0,0
Oxalis variabilis Thunb.,Oxalidaceae,Oxalis variabilis Jacq.,0,0,0,0,0,0,0,0,0,0,0,0,0,0,1,0,0,0,0,0,0,0,0,1,0,0,0,0,0,0,0,0,0
Oxygonum sinuatum (Hochst. & Steud ex Meisn.) Dammer,Polygonaceae,Oxygonum sinuatum (Hochst. & Steud ex Meisn.) Dammer,0,0,0,0,0,0,0,0,0,0,0,1,1,0,0,0,0,0,0,0,0,0,0,0,0,0,0,0,0,0,0,0,0
Panicum maximum Jacq.,Poaceae,Panicum maximum Jacq.,1,1,1,0,0,0,0,0,0,0,0,1,1,0,1,1,1,1,1,0,0,0,1,1,1,0,0,0,1,0,1,0,1
Papaver rhoeas L.,Papaveraceae,Papaver rhoeas L.,0,0,0,0,0,0,0,0,1,0,0,0,0,0,1,0,0,0,0,0,1,0,0,1,0,1,0,1,0,0,0,0,0
Papaver somniferum L.,Papaveraceae,Papaver somniferum L.,0,0,0,1,0,1,0,1,0,0,0,1,1,0,1,0,1,0,0,0,1,0,1,1,0,1,1,1,0,0,0,0,0
Parkinsonia aculeata L.,Leguminosae,Parkinsonia aculeata L.,1,0,0,0,0,0,1,1,1,0,0,1,1,0,1,0,0,0,0,1,0,1,0,1,0,0,0,0,0,0,0,0,0
Parthenium hysterophorus L. ,Compositae,Parthenium hysterophorus L.,1,1,1,1,1,1,1,1,1,1,1,1,1,1,1,1,1,1,1,1,1,1,1,1,1,1,1,1,0,1,0,1,1
Paspalum dilatatum Poir.,Poaceae,Paspalum dilatatum Poir.,0,0,0,0,0,0,0,0,1,0,0,0,1,0,1,0,0,0,0,0,0,0,0,1,0,0,0,0,1,0,0,0,0
Paspalum plicatulum Michx.,Poaceae,Paspalum plicatulum Michx.,1,0,0,1,1,1,1,1,1,0,1,1,1,1,1,0,0,0,0,1,1,1,0,1,0,1,1,1,1,1,1,1,1
Passiflora calcarata,Passifloraceae,Passiflora calcarata Mast.,1,1,1,1,1,1,1,1,1,1,1,1,1,1,1,1,1,1,1,1,1,1,1,1,1,1,1,1,1,1,1,1,1
Passiflora foetida  L.,Passifloraceae,Passiflora foetida L.,1,0,0,0,0,0,0,0,0,0,0,0,1,0,1,0,0,0,0,1,0,0,0,1,0,0,0,0,1,0,0,0,0
Passiflora mollissima (Kunth) L.H.Bailey,Passifloraceae,Passiflora mollissima (Kunth) L.H.Bailey,0,0,0,0,0,0,0,0,0,0,0,0,1,0,0,0,0,0,0,0,0,0,0,0,0,0,0,0,0,0,0,0,0
Passiflora suberosa L.,Passifloraceae,Passiflora suberosa L.,1,1,1,1,1,1,1,1,1,1,1,1,1,1,1,1,1,1,1,1,1,1,1,1,1,1,1,1,1,1,0,1,1
Passiflora subpeltata Ortega,Passifloraceae,Passiflora subpeltata Ortega,0,0,0,0,0,0,0,0,0,0,0,1,1,0,0,0,0,0,0,0,0,0,0,1,0,0,0,0,0,0,0,0,0
Pennisetum clandestinum Hochst. ex Chiov,Poaceae,Pennisetum clandestinum Hochst. ex Chiov.,1,0,0,0,0,0,0,0,0,0,0,0,0,0,0,0,0,0,0,0,0,0,0,1,0,0,0,0,0,0,0,0,0
Pennisetum glaucum (L.) R.Br.,Poaceae,Pennisetum glaucum (L.) R.Br.,1,1,1,1,1,1,1,1,1,1,1,1,0,1,1,1,1,1,1,1,1,1,1,1,1,1,1,1,1,1,0,1,1
Pennisetum purpureum Schumach.,Poaceae,Pennisetum purpureum Schumach.,1,1,1,1,1,1,1,1,1,1,1,1,1,1,1,1,1,1,1,1,1,1,1,1,1,1,1,1,1,1,0,1,1
Peperomia pellucida (L.) Kunth,Piperaceae,Peperomia pellucida (L.) Kunth,1,1,1,1,1,1,1,1,1,1,1,1,1,1,1,1,1,1,1,1,1,1,1,1,1,1,1,1,1,1,0,1,1
Phalaris minor Retz.,Poaceae,Phalaris minor Retz.,1,0,0,0,0,0,0,0,1,1,0,0,0,0,1,1,1,1,1,1,0,0,0,1,0,0,1,0,0,0,0,0,0
Phyllanthus tenellus Roxb.,Phyllanthaceae,Phyllanthus tenellus Roxb.,1,1,1,1,1,1,1,1,1,1,1,1,1,1,1,1,1,1,1,1,1,1,1,1,1,1,1,1,0,1,0,1,1
Physalis angulata L.,Solanaceae,Physalis angulata L.,1,1,1,1,1,1,1,1,1,1,1,1,1,1,1,1,1,1,1,1,1,1,1,1,1,1,1,1,1,1,0,1,1
Physalis heterophylla Nees,Solanaceae,Physalis heterophylla Nees,1,1,1,1,1,1,1,1,1,1,1,1,1,1,1,1,1,1,1,1,1,1,1,1,1,1,1,1,0,1,0,1,1
Physalis lagascae Roem. & Schult.,Solanaceae,Physalis lagascae Roem. & Schult.,0,0,0,0,0,0,0,0,0,0,0,0,0,0,0,0,0,0,0,0,0,0,0,1,0,0,0,1,0,0,0,0,0
Physalis peruviana  L.,Solanaceae,Physalis peruviana L.,0,0,0,0,0,0,0,0,1,0,0,1,1,0,1,0,0,0,0,1,0,0,0,1,0,0,0,0,0,0,0,0,0
Physalis pruinosa L.,Solanaceae,Physalis pruinosa L.,1,0,0,0,0,0,0,0,0,0,0,0,0,0,0,0,0,0,0,0,0,1,0,1,0,0,0,0,0,0,0,0,0
Pilea microphylla (L.) Liebm.,Urticaceae,Pilea microphylla (L.) Liebm.,1,0,0,0,0,1,0,1,0,0,0,1,1,0,1,0,0,0,0,1,0,1,0,1,0,1,0,0,0,0,0,1,0
Pithecellobium dulce (Roxb.) Benth.,Leguminosae,Pithecellobium dulce (Roxb.) Benth.,1,1,1,1,1,1,1,1,1,1,1,1,1,1,1,1,1,1,1,1,1,1,1,1,1,1,1,1,1,1,0,1,1
Plectranthus scutellarioides (L.) R.Br.,Lamiaceae,Plectranthus scutellarioides (L.) R.Br.,0,0,0,0,0,0,0,0,0,0,0,0,0,0,1,0,0,0,0,1,0,0,0,0,0,0,0,0,0,0,0,0,0
Poa pratensis L.,Poaceae,Poa pratensis L.,0,0,0,0,0,0,0,0,1,0,0,0,0,0,0,0,0,0,0,0,0,0,0,0,0,0,0,0,0,0,0,0,0
Polycarpon tetraphyllum (L.) L.,Caryophyllaceae,Polycarpon tetraphyllum (L.) L.,0,0,0,0,0,0,0,0,0,0,0,0,0,0,0,0,0,0,0,0,0,0,0,1,0,0,0,0,0,0,0,0,0
Polygonum aviculare L.,Polygonaceae,Polygonum aviculare L.,0,0,0,0,0,0,0,0,1,0,0,0,0,0,0,0,0,0,0,0,0,0,0,0,0,0,0,0,0,0,0,0,0
Polytrias indica (Houtt.) Veldkamp,Poaceae,Polytrias indica (Houtt.) Veldkamp,1,0,1,1,0,1,1,0,0,0,0,1,1,1,1,0,0,0,0,1,0,0,0,1,1,1,0,1,1,0,0,0,0
Portulaca pilosa L.,Portulacaceae,Portulaca pilosa L.,1,0,0,1,1,1,1,0,1,0,0,1,1,1,1,0,0,0,0,1,0,1,0,1,0,1,1,1,0,0,0,1,0
Prosopis chilensis (Molina) Stuntz,Leguminosae,Prosopis chilensis (Molina) Stuntz,1,0,0,0,0,1,1,0,0,0,0,1,1,0,1,0,0,0,0,0,1,0,0,1,0,0,0,0,0,0,0,0,0
Prosopis juliflora (Sw.) DC.,Leguminosae,Prosopis juliflora (Sw.) DC.,1,0,0,1,1,1,1,1,1,1,1,1,1,1,1,0,0,0,0,1,1,1,1,1,0,1,1,1,1,1,0,1,1
Pseudelephantopus spicatus (B.Juss. ex Aubl.) Rohr ex C.F.Baker,Compositae,Pseudelephantopus spicatus (B.Juss. ex Aubl.) Rohr ex C.F.Baker,0,0,0,0,0,0,0,0,0,0,0,0,0,0,0,0,0,0,0,0,0,0,0,0,0,1,0,1,0,0,0,0,0
Psidium guajava L.,Myrtaceae,Psidium guajava L.,1,0,0,0,0,1,0,0,1,0,0,1,1,0,1,0,0,0,0,1,0,0,0,1,0,0,0,0,1,0,0,0,0
Raphanus raphanistrum L.,Brassicaceae,Raphanus raphanistrum L.,1,1,1,1,1,1,1,1,1,1,1,1,1,1,1,1,1,1,1,1,1,1,1,1,1,1,1,1,0,1,0,1,1
Rauvolfia tetraphylla L.,Apocynaceae,Rauvolfia tetraphylla L.,1,0,1,1,0,1,0,0,0,0,0,0,1,0,1,0,0,0,0,1,0,0,0,1,0,1,0,1,1,0,0,0,0
Rhamnus persica Boiss.,Rhamnaceae,Rhamnus persica P. Lawson,0,0,0,0,0,0,0,0,1,1,0,0,0,0,0,0,0,0,0,0,1,0,0,0,0,0,1,0,0,0,0,0,0
Rhynchelytrum repens (Willd.) C.E. Hubb.,Poaceae,Melinis repens (Willd.) Zizka,1,0,0,0,0,0,0,0,0,0,0,1,1,0,1,0,0,0,0,0,0,1,0,1,0,0,0,0,0,0,0,0,0
Richardia brasiliensis Gomes,Rubiaceae,Richardia brasiliensis Gomes,1,0,0,0,0,1,0,0,0,0,0,1,1,0,1,0,0,0,0,1,0,0,0,1,0,0,0,1,0,0,0,0,0
Richardia scabra Linn.,Rubiaceae,Richardia scabra L.,1,0,1,1,0,0,0,0,0,0,0,1,1,1,1,0,1,0,0,1,0,1,0,1,0,1,0,0,0,0,0,0,0
Ricinus communis L.,Euphorbiaceae,Ricinus communis L.,1,1,1,1,1,1,1,1,1,1,1,1,1,1,1,1,1,1,1,1,1,1,1,1,1,1,1,1,1,1,0,1,1
Rivinia humilis L.,Phytolaccaceae,Rivina humilis L.,1,0,0,0,0,0,0,0,1,0,0,1,1,0,1,0,0,0,0,0,0,0,0,1,0,0,0,0,0,0,0,0,0
Robinia pseudoacacia L.,Leguminosae,Robinia pseudoacacia L.,0,0,0,0,0,0,0,0,1,0,0,1,0,0,0,0,0,0,0,0,0,0,0,1,0,0,0,0,0,0,0,0,0
Romneya coulteri Harv.,Papaveraceae,Romneya coulteri Harv.,0,0,0,0,0,0,0,0,0,0,0,0,0,0,0,0,0,0,0,0,0,0,0,1,0,0,0,0,0,0,0,0,0
Rorippa dubia (Pers.) H. Hara,Brassicaceae,Rorippa dubia (Pers.) H.Hara,1,0,0,0,0,0,0,1,1,1,0,0,0,0,0,0,0,0,0,0,1,1,1,1,0,0,1,0,0,1,0,0,0
Ruellia tuberosa L. ,Acanthaceae,Ruellia tuberosa L.,1,1,1,1,1,1,1,1,1,1,1,1,1,1,1,1,1,1,1,1,1,1,1,1,1,1,1,1,1,1,0,1,1
Rumex acetosella L.,Polygonaceae,Rumex acetosella L.,0,1,0,0,0,0,0,0,0,0,0,1,0,0,0,0,0,0,0,0,0,0,1,1,0,0,0,1,0,0,0,0,0
Rumex crispus L.,Polygonaceae,Rumex crispus L.,0,0,0,0,0,0,0,0,0,1,0,0,0,0,0,0,0,0,0,0,0,1,0,1,0,1,0,0,0,0,0,0,0
Sagittaria latifolia Willd.,Alismataceae,Sagittaria latifolia Willd.,0,0,0,0,0,0,0,0,0,1,0,0,0,0,0,0,0,0,0,0,0,0,0,0,0,0,0,0,0,0,0,0,0
Salix alba L.,Salicaceae,Salix alba L.,0,0,0,0,0,0,0,0,1,0,0,0,0,0,0,0,0,0,0,0,0,0,0,0,0,0,0,0,0,0,0,0,0
Salvinia adnata Desv.,Salviniaceae,Salvinia adnata Desv.,0,0,0,0,0,1,0,0,0,0,0,1,1,0,1,0,0,0,0,0,0,0,0,1,0,0,0,0,0,0,0,0,0
Salvinia molesta D. S. Mitch.,Salviniaceae,Salvinia adnata Desv.,1,1,1,1,1,1,1,1,1,1,1,1,1,1,1,1,1,1,1,1,1,1,1,1,1,1,1,1,0,1,0,1,1
Salvinia natans All.,Salviniaceae,Salvinia natans (L.) All.,0,0,1,0,0,0,0,0,0,1,0,0,0,0,0,1,0,0,0,0,0,0,0,0,0,0,0,0,0,0,0,0,0
Sansevieria hyacinthoides  (Linn.) Druce.,Asparagaceae,Sansevieria hyacinthoides (L.) Druce,1,0,0,0,0,1,1,0,0,0,0,1,1,0,1,0,0,0,0,1,0,0,0,0,0,0,0,1,0,0,0,0,0
Sapium sebiferum (L.) Roxb.,Euphorbiaceae,Sapium sebiferum (L.) Roxb.,0,0,0,0,0,0,0,0,0,0,0,0,0,0,0,0,0,0,0,0,0,0,0,1,0,0,0,0,0,0,0,0,0
Sclerocarpus africanus Jacq. ex Murray,Compositae,Sclerocarpus africanus Jacq. ex Murray,1,0,0,0,0,0,0,0,0,0,0,0,0,0,0,0,0,0,0,0,0,0,0,0,0,0,0,0,0,0,0,0,0
Scoparia dulcis L. ,Plantaginaceae,Scoparia dulcis L.,1,1,1,1,1,1,1,1,1,1,1,1,1,1,1,1,1,1,1,1,1,1,1,1,1,1,1,1,1,1,0,1,1
Searsia lancea (L.f.) F.A. Barkley,Anacardiaceae,Searsia lancea (L.f.) F.A.Barkley,0,0,0,0,0,0,0,0,0,0,0,0,0,0,0,0,0,0,0,0,0,0,0,0,0,0,1,0,0,0,0,0,0
Senecio vestitus  (Thunb.) P.J.Bergius,Compositae,Senecio vestitus (Thunb.) P.J.Bergius,0,0,0,0,0,0,0,0,0,0,0,0,0,0,0,0,0,0,0,0,0,1,0,0,0,0,0,0,0,0,0,0,0
Senna alata (L.) Roxb.,Leguminosae,Senna alata (L.) Roxb.,1,1,1,1,1,1,1,1,1,1,1,1,1,1,1,1,1,1,1,1,1,1,1,1,1,1,1,1,1,1,0,1,1
Senna bicapsularis (L.) Roxb.,Leguminosae,Senna bicapsularis (L.) Roxb.,1,1,1,1,1,1,1,1,1,1,1,1,1,1,1,1,1,1,1,1,1,1,1,1,1,1,1,1,0,1,0,1,1
Senna hirsuta  (L.) H.S.Irwin & Barneby,Leguminosae,Senna hirsuta (L.) H.S.Irwin & Barneby,1,1,1,1,1,1,1,1,1,1,1,1,1,1,1,1,1,1,1,1,1,1,1,1,1,1,1,1,1,1,0,1,1
Senna multiglandulosa (Jacq.) H.S.Irwin & Barneby,Leguminosae,Senna multiglandulosa (Jacq.) H.S.Irwin & Barneby,1,0,0,0,0,1,0,0,0,0,0,1,1,0,1,0,0,0,0,1,0,0,0,1,0,0,0,1,0,0,0,0,0
Senna occidentalis  (L.) Link.,Leguminosae,Senna occidentalis (L.) Link,1,1,1,1,1,1,1,1,1,1,1,1,1,1,1,1,1,1,1,1,1,1,1,1,1,1,1,1,1,1,0,1,1
Senna planitiicola (Domin) Randell,Leguminosae,Senna planitiicola (Domin) Randell,0,0,0,0,0,0,1,0,0,0,0,0,0,0,0,0,0,0,0,0,0,0,0,0,0,0,0,0,0,0,0,0,0
Senna septemtrionalis (Viv.) H.S.Irwin & Barneby,Leguminosae,Senna septemtrionalis (Viv.) H.S.Irwin & Barneby,0,0,0,0,0,0,0,0,0,0,0,1,1,0,1,0,0,0,0,0,0,0,0,1,0,0,0,0,0,0,0,0,0
Senna uniflora (Mill.) H.S.Irwin & Barneby,Leguminosae,Senna uniflora (Mill.) H.S.Irwin & Barneby,1,0,0,0,0,0,0,0,0,0,0,1,1,0,1,0,0,0,0,0,0,0,0,1,0,0,0,0,0,0,0,0,0
Sesbania sesban (L.) Merr.,Leguminosae,Sesbania sesban (L.) Merr.,1,1,0,0,0,1,0,0,1,1,0,1,1,0,1,0,0,0,0,1,0,0,1,1,0,0,1,1,1,0,0,0,0
Sesuvium portulacastrum  (L.) L.,Aizoaceae,Sesuvium portulacastrum (L.) L.,1,0,0,0,0,1,1,0,0,0,0,1,1,0,1,0,0,0,0,1,0,0,0,1,0,0,0,1,0,0,0,0,1
Setaria parviflora (Poir.) M.Kerguelen,Poaceae,Setaria parviflora (Poir.) M.Kerguelen,0,0,0,0,0,0,0,0,0,0,0,0,1,0,0,0,0,0,0,0,0,0,0,1,0,1,0,0,0,0,0,1,0
Setaria sphacelata  (Schumach.) Stapf & C.E.Hubb. ex Moss,Poaceae,Setaria sphacelata (Schumach.) Stapf & C.E.Hubb. ex Moss,0,1,1,0,0,0,0,0,0,0,0,0,0,0,0,1,1,1,1,0,0,0,1,1,1,0,0,0,1,0,0,0,0
Siegesbeckia orientalis  L.,Compositae,Sigesbeckia orientalis L.,1,0,0,0,0,0,0,0,0,0,0,1,1,0,1,0,0,0,0,1,0,0,0,1,0,0,0,0,0,0,0,0,0
Silene gallica  L.,Caryophyllaceae,Silene gallica L.,0,1,0,0,0,0,0,0,1,1,0,0,0,0,0,0,0,0,0,0,0,0,1,1,0,0,1,1,0,0,0,0,0
Silene latifolia subsp. alba (Mill.) Greuter & Burdet,Caryophyllaceae,Silene latifolia subsp. alba (Mill.) Greuter & Burdet,0,0,0,0,0,0,0,0,0,0,0,0,0,0,0,0,0,0,0,0,0,0,0,0,0,0,1,0,0,0,0,0,0
Solanum americanum Mill.,Solanaceae,Solanum americanum Mill.,1,1,1,1,1,1,1,1,1,1,1,1,1,1,1,1,1,1,1,1,1,1,1,1,1,1,1,1,1,1,0,1,1
Solanum anguivi Lam.,Solanaceae,Solanum anguivi Lam.,1,0,0,0,0,1,0,0,0,0,0,1,1,0,1,0,0,0,0,0,0,0,0,1,0,0,0,0,1,0,0,0,0
Solanum asperolanatum  Ruiz & Pav.,Solanaceae,Solanum asperolanatum Ruiz & Pav.,0,0,0,0,0,0,0,0,0,0,0,0,0,0,0,0,0,0,0,0,0,0,0,1,0,0,0,0,0,0,0,0,0
Solanum blumei,Solanaceae,Solanum blumei Blume,0,0,0,0,0,0,0,0,0,0,0,0,1,0,0,0,0,0,0,0,0,0,0,0,0,0,0,0,0,0,0,0,0
Solanum elaeagnifolium Cav.,Solanaceae,Solanum elaeagnifolium Cav.,0,0,0,0,0,0,0,0,0,0,0,1,1,0,1,0,0,0,0,0,0,0,0,1,0,0,0,0,0,0,0,0,0
Solanum hispidum Ruiz & Pav.,Solanaceae,Solanum asperolanatum Ruiz & Pav.,1,0,0,0,0,0,0,0,1,0,0,1,0,0,0,0,0,0,0,1,0,0,0,1,0,0,0,1,0,0,0,0,0
Solanum laxum Spreng.,Solanaceae,Solanum laxum Spreng.,0,0,0,0,0,1,1,0,0,0,0,1,1,0,1,0,0,0,0,0,0,0,0,1,0,0,0,0,0,0,0,0,0
Solanum mauritianum Scop.,Solanaceae,Solanum mauritianum Scop.,0,0,0,0,0,0,0,0,0,0,0,1,1,0,0,0,0,0,0,0,0,0,0,1,0,0,0,0,0,0,0,0,0
Solanum myriacanthum Dunal,Solanaceae,Solanum myriacanthum Dunal,1,1,1,1,1,1,1,1,1,1,1,1,1,1,1,1,1,1,1,1,1,1,1,1,1,1,1,1,0,1,0,1,1
Solanum nigrum L.,Solanaceae,Solanum americanum Mill.,1,0,0,0,0,0,0,0,1,1,0,1,1,0,1,0,0,0,0,1,0,0,0,1,0,0,0,0,0,0,0,0,0
Solanum pseudo-capsicum L.,Solanaceae,Solanum pseudocapsicum L.,0,0,0,0,0,0,0,1,1,1,0,0,0,0,0,0,0,0,0,0,0,0,0,1,0,1,1,0,0,0,0,1,0
Solanum seaforthianum Andrews,Solanaceae,Solanum seaforthianum Andrews,1,1,1,1,1,1,1,1,1,1,1,1,1,1,1,1,1,1,1,1,1,1,1,1,1,1,1,1,0,1,0,1,1
Solanum sisymbriifolium Lam.,Solanaceae,Solanum sisymbriifolium Lam.,0,0,0,0,0,0,0,1,1,0,0,1,1,0,1,0,0,0,0,0,0,0,0,1,0,0,1,1,0,0,0,0,0
Solanum torvum Sw.,Solanaceae,Solanum torvum Sw.,1,1,1,1,1,1,1,1,1,1,1,1,1,1,1,1,1,1,1,1,1,1,1,1,1,1,1,1,0,1,0,1,1
Solanum viarum Dunal,Solanaceae,Solanum viarum Dunal,1,1,1,1,1,1,1,1,1,1,1,1,1,1,1,1,1,1,1,1,1,1,1,1,1,1,1,1,0,1,0,1,1
Solidago chilensis  Meyen,Compositae,Solidago chilensis Meyen,0,0,0,0,0,0,0,0,0,0,0,1,0,0,0,0,0,0,0,1,0,0,0,1,0,0,0,0,0,0,0,0,0
Soliva anthemifolia  (Juss.) Sweet,Compositae,Soliva anthemifolia (Juss.) Sweet,0,0,0,0,0,0,0,0,1,1,0,0,0,0,0,0,0,0,0,0,0,1,0,0,0,1,1,1,0,0,0,1,0
Spergula arvensis L.,Caryophyllaceae,Spergula arvensis L.,1,1,1,1,1,1,1,1,1,1,1,1,1,1,1,1,1,1,1,1,1,1,1,1,1,1,1,1,0,1,0,1,1
Spermacoce latifolia Aubl.,Rubiaceae,Spermacoce alata Aubl.,1,0,0,0,0,1,0,0,0,0,0,1,1,0,1,0,0,0,0,0,0,0,0,1,0,0,0,0,1,0,0,0,0
Sphagneticola calendulacea  (L.) Pruski,Compositae,Sphagneticola calendulacea (L.) Pruski,1,0,1,0,0,0,0,0,0,0,0,1,1,1,1,0,0,0,0,0,0,0,0,1,0,0,0,1,1,0,0,0,0
Sphagneticola trilobata  (L.) Pruski,Compositae,Sphagneticola trilobata (L.) Pruski,0,0,0,1,0,0,0,1,1,1,0,1,1,1,0,0,0,0,0,0,1,1,0,0,0,1,1,0,0,1,0,1,0
Stachytarpheta cayennensis (Rich.) Vahl,Verbenaceae,Stachytarpheta cayennensis (Rich.) Vahl,0,0,0,0,0,0,0,0,0,0,0,0,1,0,0,0,0,0,0,0,0,0,0,1,0,0,0,0,0,0,0,0,0
Stachytarpheta jamaicensis (L.) Vahl,Verbenaceae,Stachytarpheta jamaicensis (L.) Vahl,1,1,1,1,1,1,1,1,1,1,1,1,1,1,1,1,1,1,1,1,1,1,1,1,1,1,1,1,1,1,0,1,1
Stachytarpheta mutabilis (Jacq.) Vahl,Verbenaceae,Stachytarpheta mutabilis (Jacq.) Vahl,1,0,1,0,0,0,0,0,0,0,0,1,1,0,1,0,0,0,0,0,0,0,0,1,0,0,0,0,0,0,0,0,0
Stachytarpheta urticifolia (Salisb.) Sims,Verbenaceae,Stachytarpheta urticifolia (Salisb.) Sims,1,1,1,1,1,1,1,1,1,1,1,1,1,1,1,1,1,1,1,1,1,1,1,1,1,1,1,1,1,1,0,1,1
Stipagrostis hirtigluma (Trin. & Rupr.) De Winter,Poaceae,Stipagrostis hirtigluma (Steud. ex Trin. & Rupr.) De Winter,0,0,0,0,0,0,0,0,0,0,0,0,0,0,0,0,0,0,0,0,1,0,0,0,0,0,0,0,0,0,0,0,0
Stipagrostis plumosa Munro ex T.Anderson,Poaceae,Stipagrostis plumosa Munro ex T.Anderson,0,0,0,0,0,0,0,1,1,1,0,0,0,0,0,0,0,0,0,0,1,1,0,0,0,0,1,0,0,1,0,1,0
Stylosanthes hamata (L.) Taub.,Leguminosae,Stylosanthes hamata (L.) Taub.,1,0,0,0,0,0,0,0,0,0,0,1,1,0,0,0,0,0,0,0,0,0,0,1,0,0,0,0,0,0,1,0,1
Stylosanthes sundaica Taub.,Leguminosae,Stylosanthes humilis Kunth,0,0,0,0,0,0,0,0,0,0,0,0,1,0,0,0,0,0,0,0,0,0,0,1,0,0,0,0,0,0,0,0,0
Swietenia mahagoni (L.) Jacq.,Meliaceae,Swietenia mahagoni (L.) Jacq.,1,0,0,1,0,1,0,0,0,0,0,1,1,0,1,0,0,0,0,1,0,0,1,1,0,0,0,1,0,0,0,0,0
Synadenium grantii Hook. f.,Euphorbiaceae,Euphorbia umbellata (Pax) Bruyns,1,1,1,1,1,1,1,1,1,1,1,1,1,1,1,1,1,1,1,1,1,1,1,1,1,1,1,1,0,1,0,1,1
Synedrella nodiflora (L.) Gaertn.,Compositae,Synedrella nodiflora (L.) Gaertn.,1,1,1,1,1,1,1,1,1,1,1,1,1,1,1,1,1,1,1,1,1,1,1,1,1,1,1,1,1,1,0,1,1
Synedrella vialis (Less.) A.Gray,Compositae,Calyptocarpus vialis Less.,1,0,0,0,0,1,0,0,0,0,0,1,1,0,1,0,0,0,0,1,0,0,0,1,0,1,0,0,0,0,0,0,0
Tagetes minuta L.,Compositae,Tagetes minuta L.,0,1,0,0,0,0,0,0,1,0,0,0,0,0,0,0,1,0,1,0,0,0,1,1,0,0,1,0,0,0,0,0,0
Talinum fruticosum (L.) Juss.,Talinaceae,Talinum fruticosum (L.) Juss.,1,0,0,0,0,0,0,0,0,0,0,1,1,0,0,0,0,0,0,0,0,0,0,1,0,0,0,0,0,0,1,0,1
Talinum paniculatum (Jacq.) Gaertn.,Talinaceae,Talinum paniculatum (Jacq.) Gaertn.,1,1,1,1,1,1,1,1,1,1,1,1,1,1,1,1,1,1,1,1,1,1,1,1,1,1,1,1,0,1,0,1,1
Tecoma capensis (Thunb.) Lindl.,Bignoniaceae,Tecoma capensis (Thunb.) Lindl.,1,0,0,0,0,0,0,0,0,0,0,1,1,0,1,0,0,0,0,1,0,0,0,1,0,0,0,0,0,0,1,0,1
Thunbergia alata Bojer ex Sims,Acanthaceae,Thunbergia alata Bojer ex Sims,1,1,1,1,1,1,1,1,1,1,1,1,1,1,1,1,1,1,1,1,1,1,1,1,1,1,1,1,0,1,0,1,1
Thymophylla tenuiloba (DC.) Small,Compositae,Thymophylla tenuiloba (DC.) Small,1,0,1,1,1,1,1,1,0,0,1,1,1,1,1,1,1,1,1,1,1,1,0,1,1,1,1,1,1,0,0,0,0
Thymus serpyllum,Lamiaceae,Thymus serpyllum L.,0,0,0,0,0,0,0,0,0,1,0,0,0,0,1,0,0,0,0,0,0,0,0,0,0,0,1,0,0,0,0,0,0
Tithonia diversifolia (Hemsl.) A. Gray,Compositae,Tithonia diversifolia (Hemsl.) A.Gray,0,0,0,0,0,0,0,0,0,0,0,1,1,0,1,0,1,0,0,1,0,0,0,1,0,1,0,0,0,0,0,0,0
Tithonia rotundifolia (Mill.) S.F. Blake,Compositae,Tithonia rotundifolia (Mill.) S.F.Blake,0,0,0,0,0,0,0,0,0,0,0,0,1,0,1,0,0,0,0,0,0,0,1,0,0,0,0,0,1,0,0,0,0
Torilis japonica (Houtt.) DC.,Apiaceae,Torilis japonica (Houtt.) DC.,0,0,0,0,0,0,0,0,1,0,0,0,0,0,0,0,0,0,0,0,0,0,0,0,0,0,0,0,0,0,0,0,0
Triadica sebifera (L.) Small,Euphorbiaceae,Triadica sebifera (L.) Small,0,0,0,1,1,0,0,1,1,0,1,1,0,1,1,0,0,0,0,0,1,1,0,1,0,0,0,0,0,0,0,1,0
Tribulus pentandrus Forssk.,Zygophyllaceae,Tribulus pentandrus Forssk.,0,0,0,0,0,0,0,1,0,0,0,0,0,0,0,0,0,0,0,0,1,1,0,0,0,0,0,0,0,0,0,0,0
Tridax procumbens L. ,Compositae,Tridax procumbens (L.) L.,1,1,1,1,1,1,1,1,1,1,1,1,1,1,1,1,1,1,1,1,1,1,1,1,1,1,1,1,1,1,0,1,1
Trifolium alexandrinum L.,Leguminosae,Trifolium alexandrinum L.,0,0,0,0,0,0,0,1,1,1,0,1,0,0,1,0,0,0,0,0,1,1,0,1,0,0,1,0,0,1,0,0,0
Trifolium dubium Sibth.,Leguminosae,Trifolium dubium Sibth.,1,1,0,0,0,0,0,0,1,1,0,0,0,0,0,0,0,0,0,0,0,0,1,1,0,0,1,1,0,0,0,0,0
Trifolium fragiferum L.,Leguminosae,Trifolium fragiferum L.,0,0,0,0,0,0,0,0,1,0,0,0,0,0,0,0,0,0,0,0,0,0,0,0,0,0,0,0,0,0,0,0,0
Trifolium hybridum L.,Leguminosae,Trifolium hybridum L.,0,0,0,0,0,0,0,1,1,1,0,0,0,0,0,0,0,0,0,0,1,1,0,0,0,0,1,0,0,1,0,0,0
Trifolium incarnatum L.,Leguminosae,Trifolium incarnatum L.,0,0,0,0,0,0,0,0,0,0,0,0,0,0,0,0,0,0,0,0,0,0,0,1,0,0,0,0,0,0,0,0,0
Trifolium subterraneum L.,Leguminosae,Trifolium subterraneum L.,0,0,0,0,0,0,0,0,0,0,0,0,0,0,0,0,0,0,0,0,0,0,0,1,0,0,0,0,0,0,0,0,0
Trifolium tomentosum L.,Leguminosae,Trifolium tomentosum L.,0,0,0,0,0,0,0,1,1,1,0,0,0,0,0,0,0,0,0,0,1,1,0,0,0,0,1,0,0,1,0,0,0
Triplaris americana L.,Polygonaceae,Triplaris americana L.,1,0,0,0,0,0,0,0,0,0,0,1,1,0,0,0,0,0,0,0,0,0,0,1,0,0,0,0,0,0,1,0,1
Turnera subulata J.E. Smith,Passifloraceae,Turnera subulata Sm.,1,1,1,1,1,1,1,1,1,1,1,1,1,1,1,1,1,1,1,1,1,1,1,1,1,1,1,1,0,1,0,1,1
Turnera ulmifolia  L.,Passifloraceae,Turnera ulmifolia L.,1,1,1,1,1,1,1,1,1,1,1,1,1,1,1,1,1,1,1,1,1,1,1,1,1,1,1,1,1,1,0,1,1
Typha domingensis Pers.,Typhaceae,Typha domingensis Pers.,1,1,1,1,1,1,1,1,1,1,1,1,1,1,1,1,1,1,1,1,1,1,1,1,1,1,1,1,0,1,0,1,1
Ulex europaeus L.,Leguminosae,Ulex europaeus L.,0,0,0,0,0,0,0,0,0,0,0,0,0,0,0,0,0,0,0,0,0,0,1,1,0,0,0,1,0,0,0,0,0
Urochloa mosambicensis (Hack.) Dandy,Poaceae,Urochloa mosambicensis (Hack.) Dandy,1,0,0,0,0,0,0,0,0,0,0,0,0,0,0,0,0,0,0,0,0,0,0,1,0,0,0,0,0,0,0,0,0
Urochondra setulosa (Trin.) C.E.Hubb.,Poaceae,Urochondra setulosa (Trin.) C.E.Hubb.,0,0,0,0,0,0,1,0,0,0,0,1,0,0,0,0,0,0,0,0,0,0,0,0,0,0,0,0,0,0,0,0,0
Vaccaria hispanica  (Mill.) Rauschert,Caryophyllaceae,Vaccaria hispanica (Mill.) Rauschert,1,1,1,1,1,1,1,1,1,1,1,1,1,1,1,1,1,1,1,1,1,1,1,1,1,1,1,1,0,1,0,1,1
Verbascum virgatum Stokes,Scrophulariaceae,Verbascum virgatum Stokes,0,0,0,0,0,1,0,0,0,0,0,1,1,0,1,0,0,0,0,0,0,0,0,1,0,0,0,0,0,0,0,0,0
Verbena officinalis L.,Verbenaceae,Verbena officinalis L.,1,0,0,0,0,0,0,0,1,0,0,0,0,0,1,0,0,0,0,0,0,0,0,0,0,0,0,0,0,0,0,0,0
Verbena rigida Spreng. ,Verbenaceae,Verbena rigida Spreng.,0,0,0,0,0,0,0,0,0,0,0,0,0,0,1,0,0,0,0,0,0,0,0,0,0,0,0,0,0,0,0,0,0
Verbesina encelioides (Cav.) Benth. & Hooker F. ex. A. Gray,Compositae,Verbesina encelioides (Cav.) Benth. & Hook.f. ex A.Gray,1,0,0,0,0,0,1,1,0,0,0,1,1,1,1,0,0,0,0,0,1,1,0,1,0,1,0,0,0,0,0,1,0
Vigna adenantha (G.Mey.) Marechal & al.,Leguminosae,Vigna adenantha (G.Mey.) Marechal & al.,1,1,1,1,1,1,1,1,1,1,1,1,1,1,1,1,1,1,1,1,1,1,1,1,1,1,1,1,1,1,0,1,1
Vigna umbellata (Thunb.) Ohwi & H.Ohashi,Leguminosae,Vigna umbellata (Thunb.) Ohwi & H.Ohashi,0,0,1,0,0,0,1,0,1,0,0,1,1,0,1,1,1,0,1,0,0,1,1,1,0,1,0,1,0,0,0,0,0
Vinca major L.,Apocynaceae,Vinca major L.,0,0,0,0,0,1,0,0,0,0,0,1,1,0,1,0,0,0,0,0,0,0,0,1,0,0,0,0,0,0,0,0,0
Viola thomsonii Oudem.,Violaceae,Viola thomsonii Oudem.,0,1,0,0,0,0,0,0,0,0,0,0,0,0,0,1,0,0,1,0,0,0,1,0,0,0,0,1,0,0,0,0,0
Wissadula periplocifolia (L.) Thwaites,Malvaceae,Wissadula periplocifolia (L.) Thwaites,1,1,1,1,1,1,1,1,1,1,1,1,1,1,1,1,1,1,1,1,1,1,1,1,1,1,1,1,0,1,0,1,1
Xanthium strumarium L.,Compositae,Xanthium strumarium L.,1,1,1,1,1,1,1,1,1,1,1,1,1,1,1,1,1,1,1,1,1,1,1,1,1,1,1,1,0,1,0,1,1
Youngia japonica (L.) DC.,Compositae,Youngia japonica (L.) DC.,1,1,1,1,1,1,1,1,1,1,1,1,1,1,1,1,1,1,1,1,1,1,1,1,1,1,1,1,0,1,0,1,1
Zinnia peruviana (L.) L.,Compositae,Zinnia peruviana (L.) L.,0,0,0,0,0,1,0,0,0,0,0,1,0,0,1,0,0,0,0,0,0,0,0,0,0,0,0,0,0,0,0,0,0
Ziziphus jujuba Mill.,Rhamnaceae,Ziziphus jujuba Mill.,1,0,0,0,0,1,0,0,1,1,0,0,1,0,1,0,0,0,0,1,0,0,0,0,0,0,0,0,1,0,0,0,0
,,,,,,,,,,,,,,,,,,,,,,,,,,,,,,,,,,,
,,,,,,,,,,,,,,,,,,,,,,,,,,,,,,,,,,,
,,,,,,,,,,,,,,,,,,,,,,,,,,,,,,,,,,,
,,,,,,,,,,,,,,,,,,,,,,,,,,,,,,,,,,,
,,,,,,,,,,,,,,,,,,,,,,,,,,,,,,,,,,,
,,,,,,,,,,,,,,,,,,,,,,,,,,,,,,,,,,,
,,,,,,,,,,,,,,,,,,,,,,,,,,,,,,,,,,,
,,,,,,,,,,,,,,,,,,,,,,,,,,,,,,,,,,,
,,,,,,,,,,,,,,,,,,,,,,,,,,,,,,,,,,,
,,,,,,,,,,,,,,,,,,,,,,,,,,,,,,,,,,,
,,,,,,,,,,,,,,,,,,,,,,,,,,,,,,,,,,,
